State,AreaCurrentPercent,AreaCurrent,PopulationCurrent,PopulationCurrentPercent,PercentChangeFromWAve,AreaChangeFromWAve,StatisticFormatID,USDMLevelID,USDMLevel,Name,AreaMiles,MapDate
CA,11.14,83.41,"168,248.60",11.14,0.00,0.00,1,4,D3,Alameda County,748.73,2021-04-20
CA,1.78,13.20,20.95,1.78,0.00,0.00,1,3,D2,Alpine County,740.67,2021-02-02
CA,1.78,13.20,20.95,1.78,0.00,0.00,1,3,D2,Alpine County,740.67,2021-02-09
CA,1.78,13.20,20.95,1.78,0.00,0.00,1,3,D2,Alpine County,740.67,2021-02-16
CA,1.78,13.20,20.95,1.78,0.00,0.00,1,3,D2,Alpine County,740.67,2021-02-23
CA,1.78,13.20,20.95,1.78,0.00,0.00,1,3,D2,Alpine County,740.67,2021-03-02
CA,0.25,1.54,96.78,0.25,0.00,0.00,1,5,D4,Amador County,605.60,2021-11-23
CA,0.25,1.54,96.78,0.25,0.00,0.00,1,5,D4,Amador County,605.60,2021-11-30
CA,0.25,1.54,96.78,0.25,0.00,0.00,1,5,D4,Amador County,605.60,2021-12-07
CA,0.25,1.54,96.78,0.25,0.00,0.00,1,5,D4,Amador County,605.60,2021-12-14
CA,0.25,1.54,96.78,0.25,0.00,0.00,1,5,D4,Amador County,605.60,2021-12-21
CA,3.92,40.61,"1,785.56",3.92,0.00,0.00,1,5,D4,Calaveras County,"1,036.62",2021-05-25
CA,3.92,40.61,"1,785.56",3.92,0.00,0.00,1,5,D4,Calaveras County,"1,036.62",2021-06-01
CA,3.92,40.61,"1,785.56",3.92,0.00,0.00,1,5,D4,Calaveras County,"1,036.62",2021-06-08
CA,3.92,40.61,"1,785.56",3.92,0.00,0.00,1,5,D4,Calaveras County,"1,036.62",2021-06-15
CA,3.92,40.61,"1,785.56",3.92,0.00,0.00,1,5,D4,Calaveras County,"1,036.62",2021-06-22
CA,3.92,40.61,"1,785.56",3.92,0.00,0.00,1,5,D4,Calaveras County,"1,036.62",2021-06-29
CA,3.92,40.61,"1,785.56",3.92,0.00,0.00,1,5,D4,Calaveras County,"1,036.62",2021-07-06
CA,3.92,40.61,"1,785.56",3.92,0.00,0.00,1,5,D4,Calaveras County,"1,036.62",2021-07-13
CA,3.92,40.61,"1,785.56",3.92,0.00,0.00,1,5,D4,Calaveras County,"1,036.62",2021-07-20
CA,1.87,19.10,535.57,1.87,0.00,0.00,1,4,D3,Del Norte County,"1,020.10",2020-12-29
CA,1.87,19.10,535.57,1.87,0.00,0.00,1,4,D3,Del Norte County,"1,020.10",2021-01-05
CA,1.87,19.10,535.57,1.87,0.00,0.00,1,4,D3,Del Norte County,"1,020.10",2021-01-12
CA,8.98,91.62,"2,569.55",8.98,0.00,0.00,1,3,D2,Del Norte County,"1,020.10",2021-01-19
CA,8.98,91.62,"2,569.55",8.98,0.00,0.00,1,3,D2,Del Norte County,"1,020.10",2021-01-26
CA,1.88,19.23,539.20,1.88,0.00,0.00,1,3,D2,Del Norte County,"1,020.10",2021-02-02
CA,5.07,51.72,"1,450.56",5.07,0.00,0.00,1,2,D1,Del Norte County,"1,020.10",2021-02-16
CA,5.07,51.72,"1,450.56",5.07,0.00,0.00,1,2,D1,Del Norte County,"1,020.10",2021-02-23
CA,5.07,51.72,"1,450.56",5.07,0.00,0.00,1,2,D1,Del Norte County,"1,020.10",2021-03-02
CA,5.07,51.72,"1,450.56",5.07,0.00,0.00,1,2,D1,Del Norte County,"1,020.10",2021-03-09
CA,3.03,30.86,865.50,3.03,0.00,0.00,1,2,D1,Del Norte County,"1,020.10",2021-03-16
CA,2.69,27.40,768.50,2.69,0.00,0.00,1,2,D1,Del Norte County,"1,020.10",2021-03-23
CA,2.69,27.40,768.50,2.69,0.00,0.00,1,2,D1,Del Norte County,"1,020.10",2021-03-30
CA,2.69,27.40,768.50,2.69,0.00,0.00,1,2,D1,Del Norte County,"1,020.10",2021-04-06
CA,2.69,27.40,768.50,2.69,0.00,0.00,1,2,D1,Del Norte County,"1,020.10",2021-04-13
CA,5.96,60.82,"1,705.88",5.96,0.00,0.00,1,3,D2,Del Norte County,"1,020.10",2021-11-09
CA,5.96,60.82,"1,705.88",5.96,0.00,0.00,1,3,D2,Del Norte County,"1,020.10",2021-11-16
CA,5.96,60.82,"1,705.88",5.96,0.00,0.00,1,3,D2,Del Norte County,"1,020.10",2021-11-23
CA,5.96,60.82,"1,705.88",5.96,0.00,0.00,1,3,D2,Del Norte County,"1,020.10",2021-11-30
CA,5.96,60.82,"1,705.88",5.96,0.00,0.00,1,3,D2,Del Norte County,"1,020.10",2021-12-07
CA,5.96,60.82,"1,705.88",5.96,0.00,0.00,1,3,D2,Del Norte County,"1,020.10",2021-12-14
CA,5.87,59.92,"1,680.42",5.87,0.00,0.00,1,3,D2,Del Norte County,"1,020.10",2021-12-21
CA,1.15,11.71,328.34,1.15,0.00,0.00,1,3,D2,Del Norte County,"1,020.10",2021-12-28
CA,1.08,19.31,"1,958.32",1.08,0.00,0.00,1,3,D2,El Dorado County,"1,785.42",2021-02-02
CA,1.08,19.31,"1,958.32",1.08,0.00,0.00,1,3,D2,El Dorado County,"1,785.42",2021-02-09
CA,1.08,19.31,"1,958.32",1.08,0.00,0.00,1,3,D2,El Dorado County,"1,785.42",2021-02-16
CA,1.08,19.31,"1,958.32",1.08,0.00,0.00,1,3,D2,El Dorado County,"1,785.42",2021-02-23
CA,1.08,19.31,"1,958.32",1.08,0.00,0.00,1,3,D2,El Dorado County,"1,785.42",2021-03-02
CA,2.00,35.66,"3,615.89",2.00,0.00,0.00,1,4,D3,El Dorado County,"1,785.42",2021-12-28
CA,1.56,94.11,"14,556.70",1.56,0.00,0.00,1,4,D3,Fresno County,"6,015.35",2021-02-02
CA,1.56,94.11,"14,556.70",1.56,0.00,0.00,1,4,D3,Fresno County,"6,015.35",2021-02-09
CA,1.56,94.11,"14,556.70",1.56,0.00,0.00,1,4,D3,Fresno County,"6,015.35",2021-02-16
CA,0.69,24.71,925.90,0.69,0.00,0.00,1,4,D3,Humboldt County,"3,592.15",2020-12-29
CA,0.69,24.71,925.90,0.69,0.00,0.00,1,4,D3,Humboldt County,"3,592.15",2021-01-05
CA,0.69,24.71,925.90,0.69,0.00,0.00,1,4,D3,Humboldt County,"3,592.15",2021-01-12
CA,0.69,24.71,925.90,0.69,0.00,0.00,1,4,D3,Humboldt County,"3,592.15",2021-01-19
CA,0.69,24.71,925.90,0.69,0.00,0.00,1,4,D3,Humboldt County,"3,592.15",2021-01-26
CA,1.56,55.95,"2,096.77",1.56,0.00,0.00,1,3,D2,Humboldt County,"3,592.15",2021-02-23
CA,1.56,55.95,"2,096.77",1.56,0.00,0.00,1,3,D2,Humboldt County,"3,592.15",2021-03-02
CA,1.56,55.95,"2,096.77",1.56,0.00,0.00,1,3,D2,Humboldt County,"3,592.15",2021-03-09
CA,1.56,55.95,"2,096.77",1.56,0.00,0.00,1,3,D2,Humboldt County,"3,592.15",2021-03-16
CA,1.33,47.88,"1,794.43",1.33,0.00,0.00,1,3,D2,Humboldt County,"3,592.15",2021-03-23
CA,1.33,47.88,"1,794.43",1.33,0.00,0.00,1,3,D2,Humboldt County,"3,592.15",2021-03-30
CA,1.33,47.88,"1,794.43",1.33,0.00,0.00,1,3,D2,Humboldt County,"3,592.15",2021-04-06
CA,1.33,47.88,"1,794.43",1.33,0.00,0.00,1,3,D2,Humboldt County,"3,592.15",2021-04-13
CA,1.57,56.38,"2,113.09",1.57,0.00,0.00,1,3,D2,Humboldt County,"3,592.15",2021-04-20
CA,0.22,10.10,391.09,0.22,0.00,0.00,1,4,D3,Imperial County,"4,508.75",2020-12-29
CA,0.22,10.10,391.09,0.22,0.00,0.00,1,4,D3,Imperial County,"4,508.75",2021-01-05
CA,0.22,10.10,391.09,0.22,0.00,0.00,1,4,D3,Imperial County,"4,508.75",2021-01-12
CA,0.22,10.10,391.09,0.22,0.00,0.00,1,4,D3,Imperial County,"4,508.75",2021-01-19
CA,0.31,13.99,541.69,0.31,0.00,0.00,1,3,D2,Imperial County,"4,508.75",2021-09-07
CA,0.31,13.99,541.69,0.31,0.00,0.00,1,3,D2,Imperial County,"4,508.75",2021-09-14
CA,0.31,13.99,541.69,0.31,0.00,0.00,1,3,D2,Imperial County,"4,508.75",2021-09-21
CA,0.31,13.99,541.69,0.31,0.00,0.00,1,3,D2,Imperial County,"4,508.75",2021-09-28
CA,0.31,13.99,541.69,0.31,0.00,0.00,1,3,D2,Imperial County,"4,508.75",2021-10-05
CA,0.31,13.99,541.69,0.31,0.00,0.00,1,3,D2,Imperial County,"4,508.75",2021-10-12
CA,0.19,8.55,330.90,0.19,0.00,0.00,1,3,D2,Imperial County,"4,508.75",2021-10-19
CA,0.19,8.55,330.90,0.19,0.00,0.00,1,3,D2,Imperial County,"4,508.75",2021-10-26
CA,0.19,8.55,330.90,0.19,0.00,0.00,1,3,D2,Imperial County,"4,508.75",2021-11-02
CA,0.19,8.55,330.90,0.19,0.00,0.00,1,3,D2,Imperial County,"4,508.75",2021-11-09
CA,0.19,8.55,330.90,0.19,0.00,0.00,1,3,D2,Imperial County,"4,508.75",2021-11-16
CA,0.19,8.55,330.90,0.19,0.00,0.00,1,3,D2,Imperial County,"4,508.75",2021-11-23
CA,0.19,8.55,330.90,0.19,0.00,0.00,1,3,D2,Imperial County,"4,508.75",2021-11-30
CA,0.19,8.55,330.90,0.19,0.00,0.00,1,3,D2,Imperial County,"4,508.75",2021-12-07
CA,0.19,8.55,330.90,0.19,0.00,0.00,1,3,D2,Imperial County,"4,508.75",2021-12-14
CA,0.21,9.34,361.53,0.21,0.00,0.00,1,3,D2,Imperial County,"4,508.75",2021-12-21
CA,0.64,65.70,119.04,0.64,0.00,0.00,1,5,D4,Inyo County,"10,236.26",2020-12-29
CA,0.64,65.70,119.04,0.64,0.00,0.00,1,5,D4,Inyo County,"10,236.26",2021-01-05
CA,0.64,65.70,119.04,0.64,0.00,0.00,1,5,D4,Inyo County,"10,236.26",2021-01-12
CA,0.64,65.70,119.04,0.64,0.00,0.00,1,5,D4,Inyo County,"10,236.26",2021-01-19
CA,0.01,0.58,59.72,0.01,0.00,0.00,1,4,D3,Kern County,"8,154.13",2020-12-29
CA,0.01,0.58,59.72,0.01,0.00,0.00,1,4,D3,Kern County,"8,154.13",2021-01-05
CA,3.58,49.69,"5,481.13",3.58,0.00,0.00,1,3,D2,Kings County,"1,387.02",2020-12-29
CA,3.58,49.69,"5,481.13",3.58,0.00,0.00,1,3,D2,Kings County,"1,387.02",2021-01-05
CA,4.62,64.09,"7,069.28",4.62,0.00,0.00,1,4,D3,Kings County,"1,387.02",2021-04-20
CA,4.62,64.09,"7,069.28",4.62,0.00,0.00,1,4,D3,Kings County,"1,387.02",2021-04-27
CA,0.32,4.25,206.49,0.32,0.00,0.00,1,4,D3,Lake County,"1,330.36",2021-12-28
CA,0.78,36.76,270.86,0.78,0.00,0.00,1,5,D4,Lassen County,"4,736.26",2021-07-27
CA,0.78,36.76,270.86,0.78,0.00,0.00,1,5,D4,Lassen County,"4,736.26",2021-08-03
CA,0.78,36.76,270.86,0.78,0.00,0.00,1,5,D4,Lassen County,"4,736.26",2021-08-10
CA,0.81,38.51,283.74,0.81,0.00,0.00,1,5,D4,Lassen County,"4,736.26",2021-08-17
CA,0.81,38.51,283.74,0.81,0.00,0.00,1,5,D4,Lassen County,"4,736.26",2021-08-24
CA,0.81,38.51,283.74,0.81,0.00,0.00,1,5,D4,Lassen County,"4,736.26",2021-08-31
CA,0.81,38.51,283.74,0.81,0.00,0.00,1,5,D4,Lassen County,"4,736.26",2021-09-07
CA,0.81,38.51,283.74,0.81,0.00,0.00,1,5,D4,Lassen County,"4,736.26",2021-09-14
CA,0.81,38.51,283.74,0.81,0.00,0.00,1,5,D4,Lassen County,"4,736.26",2021-09-21
CA,0.81,38.51,283.74,0.81,0.00,0.00,1,5,D4,Lassen County,"4,736.26",2021-09-28
CA,0.81,38.51,283.74,0.81,0.00,0.00,1,5,D4,Lassen County,"4,736.26",2021-10-05
CA,0.81,38.51,283.74,0.81,0.00,0.00,1,5,D4,Lassen County,"4,736.26",2021-10-12
CA,0.81,38.51,283.74,0.81,0.00,0.00,1,5,D4,Lassen County,"4,736.26",2021-10-19
CA,0.04,2.02,14.88,0.04,0.00,0.00,1,5,D4,Lassen County,"4,736.26",2021-10-26
CA,0.04,2.02,14.88,0.04,0.00,0.00,1,5,D4,Lassen County,"4,736.26",2021-11-02
CA,0.26,5.63,395.13,0.26,0.00,0.00,1,4,D3,Madera County,"2,150.09",2021-01-12
CA,0.26,5.63,395.13,0.26,0.00,0.00,1,4,D3,Madera County,"2,150.09",2021-01-19
CA,0.26,5.63,395.13,0.26,0.00,0.00,1,4,D3,Madera County,"2,150.09",2021-01-26
CA,3.24,17.15,"8,182.38",3.24,0.00,0.00,1,3,D2,Marin County,528.89,2021-02-02
CA,3.24,17.15,"8,182.38",3.24,0.00,0.00,1,3,D2,Marin County,528.89,2021-02-09
CA,3.24,17.15,"8,182.38",3.24,0.00,0.00,1,3,D2,Marin County,528.89,2021-02-16
CA,3.24,17.15,"8,182.38",3.24,0.00,0.00,1,3,D2,Marin County,528.89,2021-02-23
CA,3.24,17.15,"8,182.38",3.24,0.00,0.00,1,3,D2,Marin County,528.89,2021-03-02
CA,3.24,17.15,"8,182.38",3.24,0.00,0.00,1,3,D2,Marin County,528.89,2021-03-09
CA,3.24,17.15,"8,182.38",3.24,0.00,0.00,1,3,D2,Marin County,528.89,2021-03-16
CA,4.07,21.53,"10,275.18",4.07,0.00,0.00,1,3,D2,Marin County,528.89,2021-03-23
CA,4.07,21.53,"10,275.18",4.07,0.00,0.00,1,3,D2,Marin County,528.89,2021-03-30
CA,4.07,21.53,"10,275.18",4.07,0.00,0.00,1,3,D2,Marin County,528.89,2021-04-06
CA,4.07,21.53,"10,275.18",4.07,0.00,0.00,1,3,D2,Marin County,528.89,2021-04-13
CA,0.50,2.64,"1,261.82",0.50,0.00,0.00,1,4,D3,Marin County,528.89,2021-04-20
CA,3.36,17.78,"8,486.62",3.36,0.00,0.00,1,5,D4,Marin County,528.89,2021-10-26
CA,3.36,17.78,"8,486.62",3.36,0.00,0.00,1,5,D4,Marin County,528.89,2021-11-02
CA,3.36,17.78,"8,486.62",3.36,0.00,0.00,1,5,D4,Marin County,528.89,2021-11-09
CA,3.36,17.78,"8,486.62",3.36,0.00,0.00,1,5,D4,Marin County,528.89,2021-11-16
CA,1.69,24.69,307.82,1.69,0.00,0.00,1,3,D2,Mariposa County,"1,463.61",2021-03-09
CA,1.69,24.69,307.82,1.69,0.00,0.00,1,3,D2,Mariposa County,"1,463.61",2021-03-16
CA,0.95,39.81,91.77,0.95,0.00,0.00,1,5,D4,Modoc County,"4,201.39",2021-07-20
CA,1.28,40.07,181.55,1.28,0.00,0.00,1,5,D4,Mono County,"3,134.53",2021-02-02
CA,1.28,40.07,181.55,1.28,0.00,0.00,1,5,D4,Mono County,"3,134.53",2021-02-09
CA,1.28,40.07,181.55,1.28,0.00,0.00,1,5,D4,Mono County,"3,134.53",2021-02-16
CA,1.52,47.63,215.81,1.52,0.00,0.00,1,5,D4,Mono County,"3,134.53",2021-02-23
CA,1.52,47.63,215.81,1.52,0.00,0.00,1,5,D4,Mono County,"3,134.53",2021-03-02
CA,1.52,47.63,215.81,1.52,0.00,0.00,1,5,D4,Mono County,"3,134.53",2021-03-09
CA,1.52,47.63,215.81,1.52,0.00,0.00,1,5,D4,Mono County,"3,134.53",2021-03-16
CA,1.52,47.63,215.81,1.52,0.00,0.00,1,5,D4,Mono County,"3,134.53",2021-03-23
CA,1.52,47.63,215.81,1.52,0.00,0.00,1,5,D4,Mono County,"3,134.53",2021-03-30
CA,1.52,47.63,215.81,1.52,0.00,0.00,1,5,D4,Mono County,"3,134.53",2021-04-06
CA,1.52,47.63,215.81,1.52,0.00,0.00,1,5,D4,Mono County,"3,134.53",2021-04-13
CA,1.52,47.63,215.81,1.52,0.00,0.00,1,5,D4,Mono County,"3,134.53",2021-04-20
CA,1.52,47.63,215.81,1.52,0.00,0.00,1,5,D4,Mono County,"3,134.53",2021-04-27
CA,1.52,47.63,215.81,1.52,0.00,0.00,1,5,D4,Mono County,"3,134.53",2021-05-04
CA,0.53,17.71,"2,212.61",0.53,0.00,0.00,1,5,D4,Monterey County,"3,322.61",2021-06-08
CA,0.53,17.71,"2,212.61",0.53,0.00,0.00,1,5,D4,Monterey County,"3,322.61",2021-06-15
CA,0.53,17.71,"2,212.61",0.53,0.00,0.00,1,5,D4,Monterey County,"3,322.61",2021-06-22
CA,0.53,17.71,"2,212.61",0.53,0.00,0.00,1,5,D4,Monterey County,"3,322.61",2021-06-29
CA,0.53,17.71,"2,212.61",0.53,0.00,0.00,1,5,D4,Monterey County,"3,322.61",2021-07-06
CA,0.53,17.71,"2,212.61",0.53,0.00,0.00,1,5,D4,Monterey County,"3,322.61",2021-07-13
CA,0.53,17.71,"2,212.61",0.53,0.00,0.00,1,5,D4,Monterey County,"3,322.61",2021-07-20
CA,2.48,82.49,"10,305.12",2.48,0.00,0.00,1,5,D4,Monterey County,"3,322.61",2021-07-27
CA,2.48,82.49,"10,305.12",2.48,0.00,0.00,1,5,D4,Monterey County,"3,322.61",2021-08-03
CA,2.48,82.49,"10,305.12",2.48,0.00,0.00,1,5,D4,Monterey County,"3,322.61",2021-08-10
CA,2.48,82.49,"10,305.12",2.48,0.00,0.00,1,5,D4,Monterey County,"3,322.61",2021-08-17
CA,2.48,82.49,"10,305.12",2.48,0.00,0.00,1,5,D4,Monterey County,"3,322.61",2021-08-24
CA,2.48,82.49,"10,305.12",2.48,0.00,0.00,1,5,D4,Monterey County,"3,322.61",2021-08-31
CA,2.48,82.49,"10,305.12",2.48,0.00,0.00,1,5,D4,Monterey County,"3,322.61",2021-09-07
CA,2.48,82.49,"10,305.12",2.48,0.00,0.00,1,5,D4,Monterey County,"3,322.61",2021-09-14
CA,2.48,82.49,"10,305.12",2.48,0.00,0.00,1,5,D4,Monterey County,"3,322.61",2021-09-21
CA,2.48,82.49,"10,305.12",2.48,0.00,0.00,1,5,D4,Monterey County,"3,322.61",2021-09-28
CA,2.48,82.49,"10,305.12",2.48,0.00,0.00,1,5,D4,Monterey County,"3,322.61",2021-10-05
CA,2.48,82.49,"10,305.12",2.48,0.00,0.00,1,5,D4,Monterey County,"3,322.61",2021-10-12
CA,2.48,82.49,"10,305.12",2.48,0.00,0.00,1,5,D4,Monterey County,"3,322.61",2021-10-19
CA,2.48,82.49,"10,305.12",2.48,0.00,0.00,1,5,D4,Monterey County,"3,322.61",2021-10-26
CA,2.48,82.49,"10,305.12",2.48,0.00,0.00,1,5,D4,Monterey County,"3,322.61",2021-11-02
CA,2.48,82.49,"10,305.12",2.48,0.00,0.00,1,5,D4,Monterey County,"3,322.61",2021-11-09
CA,2.48,82.49,"10,305.12",2.48,0.00,0.00,1,5,D4,Monterey County,"3,322.61",2021-11-16
CA,2.48,82.49,"10,305.12",2.48,0.00,0.00,1,5,D4,Monterey County,"3,322.61",2021-11-23
CA,2.48,82.49,"10,305.12",2.48,0.00,0.00,1,5,D4,Monterey County,"3,322.61",2021-11-30
CA,2.48,82.49,"10,305.12",2.48,0.00,0.00,1,5,D4,Monterey County,"3,322.61",2021-12-07
CA,2.48,82.49,"10,305.12",2.48,0.00,0.00,1,5,D4,Monterey County,"3,322.61",2021-12-14
CA,2.48,82.49,"10,305.12",2.48,0.00,0.00,1,5,D4,Monterey County,"3,322.61",2021-12-21
CA,2.29,76.19,"9,517.87",2.29,0.00,0.00,1,4,D3,Monterey County,"3,322.61",2021-12-28
CA,9.92,96.91,"9,800.89",9.92,0.00,0.00,1,5,D4,Nevada County,976.61,2021-05-25
CA,9.92,96.91,"9,800.89",9.92,0.00,0.00,1,5,D4,Nevada County,976.61,2021-06-01
CA,9.92,96.91,"9,800.89",9.92,0.00,0.00,1,5,D4,Nevada County,976.61,2021-06-08
CA,9.92,96.91,"9,800.89",9.92,0.00,0.00,1,5,D4,Nevada County,976.61,2021-06-15
CA,9.92,96.91,"9,800.89",9.92,0.00,0.00,1,5,D4,Nevada County,976.61,2021-06-22
CA,9.92,96.91,"9,800.89",9.92,0.00,0.00,1,5,D4,Nevada County,976.61,2021-06-29
CA,9.92,96.91,"9,800.89",9.92,0.00,0.00,1,5,D4,Nevada County,976.61,2021-07-06
CA,9.92,96.91,"9,800.89",9.92,0.00,0.00,1,5,D4,Nevada County,976.61,2021-07-13
CA,9.92,96.91,"9,800.89",9.92,0.00,0.00,1,5,D4,Nevada County,976.61,2021-07-20
CA,4.41,43.07,"4,355.93",4.41,0.00,0.00,1,4,D3,Nevada County,976.61,2021-12-28
CA,6.22,49.49,"187,194.02",6.22,0.00,0.00,1,2,D1,Orange County,795.81,2020-12-29
CA,5.46,43.42,"164,247.79",5.46,0.00,0.00,1,2,D1,Orange County,795.81,2021-01-05
CA,5.32,42.35,"160,211.82",5.32,0.00,0.00,1,2,D1,Orange County,795.81,2021-01-12
CA,5.32,42.35,"160,211.82",5.32,0.00,0.00,1,2,D1,Orange County,795.81,2021-01-19
CA,5.32,42.35,"160,211.82",5.32,0.00,0.00,1,2,D1,Orange County,795.81,2021-01-26
CA,0.04,0.31,"1,158.90",0.04,0.00,0.00,1,2,D1,Orange County,795.81,2021-02-02
CA,0.04,0.31,"1,158.90",0.04,0.00,0.00,1,2,D1,Orange County,795.81,2021-02-09
CA,0.04,0.31,"1,158.90",0.04,0.00,0.00,1,2,D1,Orange County,795.81,2021-02-16
CA,0.04,0.31,"1,158.90",0.04,0.00,0.00,1,2,D1,Orange County,795.81,2021-02-23
CA,6.18,49.21,"186,138.87",6.18,0.00,0.00,1,3,D2,Orange County,795.81,2021-04-06
CA,6.18,49.21,"186,138.87",6.18,0.00,0.00,1,3,D2,Orange County,795.81,2021-04-13
CA,3.59,28.58,"108,123.94",3.59,0.00,0.00,1,4,D3,Orange County,795.81,2021-06-08
CA,3.59,28.58,"108,123.94",3.59,0.00,0.00,1,4,D3,Orange County,795.81,2021-06-15
CA,3.59,28.58,"108,123.94",3.59,0.00,0.00,1,4,D3,Orange County,795.81,2021-06-22
CA,3.59,28.58,"108,123.94",3.59,0.00,0.00,1,4,D3,Orange County,795.81,2021-06-29
CA,3.59,28.58,"108,123.94",3.59,0.00,0.00,1,4,D3,Orange County,795.81,2021-07-06
CA,2.84,22.60,"85,494.65",2.84,0.00,0.00,1,4,D3,Orange County,795.81,2021-07-13
CA,2.84,22.60,"85,494.65",2.84,0.00,0.00,1,4,D3,Orange County,795.81,2021-07-20
CA,2.84,22.60,"85,494.65",2.84,0.00,0.00,1,4,D3,Orange County,795.81,2021-07-27
CA,4.31,34.27,"129,631.43",4.31,0.00,0.00,1,4,D3,Orange County,795.81,2021-08-03
CA,4.31,34.27,"129,631.43",4.31,0.00,0.00,1,4,D3,Orange County,795.81,2021-08-10
CA,4.31,34.27,"129,631.43",4.31,0.00,0.00,1,4,D3,Orange County,795.81,2021-08-17
CA,4.31,34.27,"129,631.43",4.31,0.00,0.00,1,4,D3,Orange County,795.81,2021-08-24
CA,4.31,34.27,"129,631.43",4.31,0.00,0.00,1,4,D3,Orange County,795.81,2021-08-31
CA,4.31,34.27,"129,631.43",4.31,0.00,0.00,1,4,D3,Orange County,795.81,2021-09-07
CA,4.31,34.27,"129,631.43",4.31,0.00,0.00,1,4,D3,Orange County,795.81,2021-09-14
CA,4.31,34.27,"129,631.43",4.31,0.00,0.00,1,4,D3,Orange County,795.81,2021-09-21
CA,4.31,34.27,"129,631.43",4.31,0.00,0.00,1,4,D3,Orange County,795.81,2021-09-28
CA,4.31,34.27,"129,631.43",4.31,0.00,0.00,1,4,D3,Orange County,795.81,2021-10-05
CA,4.31,34.27,"129,631.43",4.31,0.00,0.00,1,4,D3,Orange County,795.81,2021-10-12
CA,4.31,34.27,"129,631.43",4.31,0.00,0.00,1,4,D3,Orange County,795.81,2021-10-19
CA,2.75,21.85,"82,665.85",2.75,0.00,0.00,1,4,D3,Orange County,795.81,2021-10-26
CA,2.75,21.85,"82,665.85",2.75,0.00,0.00,1,4,D3,Orange County,795.81,2021-11-02
CA,2.75,21.85,"82,665.85",2.75,0.00,0.00,1,4,D3,Orange County,795.81,2021-11-09
CA,2.75,21.85,"82,665.85",2.75,0.00,0.00,1,4,D3,Orange County,795.81,2021-11-16
CA,2.75,21.85,"82,665.85",2.75,0.00,0.00,1,4,D3,Orange County,795.81,2021-11-23
CA,2.75,21.85,"82,665.85",2.75,0.00,0.00,1,4,D3,Orange County,795.81,2021-11-30
CA,2.75,21.85,"82,665.85",2.75,0.00,0.00,1,4,D3,Orange County,795.81,2021-12-07
CA,2.75,21.85,"82,665.85",2.75,0.00,0.00,1,4,D3,Orange County,795.81,2021-12-14
CA,3.59,28.58,"108,103.83",3.59,0.00,0.00,1,4,D3,Orange County,795.81,2021-12-21
CA,0.34,2.71,"10,252.65",0.34,0.00,0.00,1,3,D2,Orange County,795.81,2021-12-28
CA,0.20,5.18,39.77,0.20,0.00,0.00,1,5,D4,Plumas County,"2,604.23",2021-05-25
CA,0.20,5.18,39.77,0.20,0.00,0.00,1,5,D4,Plumas County,"2,604.23",2021-06-01
CA,0.20,5.18,39.77,0.20,0.00,0.00,1,5,D4,Plumas County,"2,604.23",2021-06-08
CA,0.20,5.18,39.77,0.20,0.00,0.00,1,5,D4,Plumas County,"2,604.23",2021-06-15
CA,0.20,5.18,39.77,0.20,0.00,0.00,1,5,D4,Plumas County,"2,604.23",2021-06-22
CA,0.20,5.18,39.77,0.20,0.00,0.00,1,5,D4,Plumas County,"2,604.23",2021-06-29
CA,0.20,5.18,39.77,0.20,0.00,0.00,1,5,D4,Plumas County,"2,604.23",2021-07-06
CA,0.20,5.18,39.77,0.20,0.00,0.00,1,5,D4,Plumas County,"2,604.23",2021-07-13
CA,0.20,5.18,39.77,0.20,0.00,0.00,1,5,D4,Plumas County,"2,604.23",2021-07-20
CA,1.85,25.78,"1,024.10",1.85,0.00,0.00,1,3,D2,San Benito County,"1,391.14",2021-01-12
CA,1.57,21.84,867.79,1.57,0.00,0.00,1,3,D2,San Benito County,"1,391.14",2021-01-19
CA,1.57,21.84,867.79,1.57,0.00,0.00,1,3,D2,San Benito County,"1,391.14",2021-01-26
CA,5.57,77.42,"3,075.98",5.57,0.00,0.00,1,5,D4,San Benito County,"1,391.14",2021-07-27
CA,5.57,77.42,"3,075.98",5.57,0.00,0.00,1,5,D4,San Benito County,"1,391.14",2021-08-03
CA,5.57,77.42,"3,075.98",5.57,0.00,0.00,1,5,D4,San Benito County,"1,391.14",2021-08-10
CA,5.57,77.42,"3,075.98",5.57,0.00,0.00,1,5,D4,San Benito County,"1,391.14",2021-08-17
CA,5.57,77.42,"3,075.98",5.57,0.00,0.00,1,5,D4,San Benito County,"1,391.14",2021-08-24
CA,5.57,77.42,"3,075.98",5.57,0.00,0.00,1,5,D4,San Benito County,"1,391.14",2021-08-31
CA,5.57,77.42,"3,075.98",5.57,0.00,0.00,1,5,D4,San Benito County,"1,391.14",2021-09-07
CA,5.57,77.42,"3,075.98",5.57,0.00,0.00,1,5,D4,San Benito County,"1,391.14",2021-09-14
CA,5.57,77.42,"3,075.98",5.57,0.00,0.00,1,5,D4,San Benito County,"1,391.14",2021-09-21
CA,5.57,77.42,"3,075.98",5.57,0.00,0.00,1,5,D4,San Benito County,"1,391.14",2021-09-28
CA,5.57,77.42,"3,075.98",5.57,0.00,0.00,1,5,D4,San Benito County,"1,391.14",2021-10-05
CA,5.57,77.42,"3,075.98",5.57,0.00,0.00,1,5,D4,San Benito County,"1,391.14",2021-10-12
CA,5.57,77.42,"3,075.98",5.57,0.00,0.00,1,5,D4,San Benito County,"1,391.14",2021-10-19
CA,5.57,77.42,"3,075.98",5.57,0.00,0.00,1,5,D4,San Benito County,"1,391.14",2021-10-26
CA,5.57,77.42,"3,075.98",5.57,0.00,0.00,1,5,D4,San Benito County,"1,391.14",2021-11-02
CA,5.57,77.42,"3,075.98",5.57,0.00,0.00,1,5,D4,San Benito County,"1,391.14",2021-11-09
CA,5.57,77.42,"3,075.98",5.57,0.00,0.00,1,5,D4,San Benito County,"1,391.14",2021-11-16
CA,5.57,77.42,"3,075.98",5.57,0.00,0.00,1,5,D4,San Benito County,"1,391.14",2021-11-23
CA,5.57,77.42,"3,075.98",5.57,0.00,0.00,1,5,D4,San Benito County,"1,391.14",2021-11-30
CA,5.57,77.42,"3,075.98",5.57,0.00,0.00,1,5,D4,San Benito County,"1,391.14",2021-12-07
CA,5.57,77.42,"3,075.98",5.57,0.00,0.00,1,5,D4,San Benito County,"1,391.14",2021-12-14
CA,5.57,77.42,"3,075.98",5.57,0.00,0.00,1,5,D4,San Benito County,"1,391.14",2021-12-21
CA,5.23,72.80,"2,892.39",5.23,0.00,0.00,1,4,D3,San Benito County,"1,391.14",2021-12-28
CA,0.13,26.83,"2,714.37",0.13,0.00,0.00,1,5,D4,San Bernardino County,"20,117.76",2021-12-21
CA,0.11,22.05,"2,230.50",0.11,0.00,0.00,1,4,D3,San Bernardino County,"20,117.76",2021-12-28
CA,0.10,4.31,"3,133.12",0.10,0.00,0.00,1,3,D2,San Diego County,"4,257.33",2021-04-20
CA,0.10,4.31,"3,133.12",0.10,0.00,0.00,1,3,D2,San Diego County,"4,257.33",2021-04-27
CA,0.10,4.31,"3,133.12",0.10,0.00,0.00,1,3,D2,San Diego County,"4,257.33",2021-05-04
CA,100.00,46.72,"805,235.54",100.00,0.00,0.00,1,1,D0,San Francisco County,46.72,2020-12-29
CA,100.00,46.72,"805,235.54",100.00,0.00,0.00,1,2,D1,San Francisco County,46.72,2020-12-29
CA,100.00,46.72,"805,235.54",100.00,0.00,0.00,1,3,D2,San Francisco County,46.72,2020-12-29
CA,100.00,46.72,"805,235.54",100.00,0.00,0.00,1,1,D0,San Francisco County,46.72,2021-01-05
CA,100.00,46.72,"805,235.54",100.00,0.00,0.00,1,2,D1,San Francisco County,46.72,2021-01-05
CA,100.00,46.72,"805,235.54",100.00,0.00,0.00,1,3,D2,San Francisco County,46.72,2021-01-05
CA,100.00,46.72,"805,235.54",100.00,0.00,0.00,1,1,D0,San Francisco County,46.72,2021-01-12
CA,100.00,46.72,"805,235.54",100.00,0.00,0.00,1,2,D1,San Francisco County,46.72,2021-01-12
CA,100.00,46.72,"805,235.54",100.00,0.00,0.00,1,3,D2,San Francisco County,46.72,2021-01-12
CA,100.00,46.72,"805,235.54",100.00,0.00,0.00,1,1,D0,San Francisco County,46.72,2021-01-19
CA,100.00,46.72,"805,235.54",100.00,0.00,0.00,1,2,D1,San Francisco County,46.72,2021-01-19
CA,100.00,46.72,"805,235.54",100.00,0.00,0.00,1,3,D2,San Francisco County,46.72,2021-01-19
CA,100.00,46.72,"805,235.54",100.00,0.00,0.00,1,1,D0,San Francisco County,46.72,2021-01-26
CA,100.00,46.72,"805,235.54",100.00,0.00,0.00,1,2,D1,San Francisco County,46.72,2021-01-26
CA,100.00,46.72,"805,235.54",100.00,0.00,0.00,1,3,D2,San Francisco County,46.72,2021-01-26
CA,100.00,46.72,"805,235.54",100.00,0.00,0.00,1,1,D0,San Francisco County,46.72,2021-02-02
CA,100.00,46.72,"805,235.54",100.00,0.00,0.00,1,2,D1,San Francisco County,46.72,2021-02-02
CA,100.00,46.72,"805,235.54",100.00,0.00,0.00,1,1,D0,San Francisco County,46.72,2021-02-09
CA,100.00,46.72,"805,235.54",100.00,0.00,0.00,1,2,D1,San Francisco County,46.72,2021-02-09
CA,100.00,46.72,"805,235.54",100.00,0.00,0.00,1,1,D0,San Francisco County,46.72,2021-02-16
CA,100.00,46.72,"805,235.54",100.00,0.00,0.00,1,2,D1,San Francisco County,46.72,2021-02-16
CA,100.00,46.72,"805,235.54",100.00,0.00,0.00,1,1,D0,San Francisco County,46.72,2021-02-23
CA,100.00,46.72,"805,235.54",100.00,0.00,0.00,1,2,D1,San Francisco County,46.72,2021-02-23
CA,100.00,46.72,"805,235.54",100.00,0.00,0.00,1,1,D0,San Francisco County,46.72,2021-03-02
CA,100.00,46.72,"805,235.54",100.00,0.00,0.00,1,2,D1,San Francisco County,46.72,2021-03-02
CA,100.00,46.72,"805,235.54",100.00,0.00,0.00,1,1,D0,San Francisco County,46.72,2021-03-09
CA,100.00,46.72,"805,235.54",100.00,0.00,0.00,1,2,D1,San Francisco County,46.72,2021-03-09
CA,100.00,46.72,"805,235.54",100.00,0.00,0.00,1,1,D0,San Francisco County,46.72,2021-03-16
CA,100.00,46.72,"805,235.54",100.00,0.00,0.00,1,2,D1,San Francisco County,46.72,2021-03-16
CA,100.00,46.72,"805,235.54",100.00,0.00,0.00,1,1,D0,San Francisco County,46.72,2021-03-23
CA,100.00,46.72,"805,235.54",100.00,0.00,0.00,1,2,D1,San Francisco County,46.72,2021-03-23
CA,100.00,46.72,"805,235.54",100.00,0.00,0.00,1,1,D0,San Francisco County,46.72,2021-03-30
CA,100.00,46.72,"805,235.54",100.00,0.00,0.00,1,2,D1,San Francisco County,46.72,2021-03-30
CA,100.00,46.72,"805,235.54",100.00,0.00,0.00,1,1,D0,San Francisco County,46.72,2021-04-06
CA,100.00,46.72,"805,235.54",100.00,0.00,0.00,1,2,D1,San Francisco County,46.72,2021-04-06
CA,100.00,46.72,"805,235.54",100.00,0.00,0.00,1,1,D0,San Francisco County,46.72,2021-04-13
CA,100.00,46.72,"805,235.54",100.00,0.00,0.00,1,2,D1,San Francisco County,46.72,2021-04-13
CA,100.00,46.72,"805,235.54",100.00,0.00,0.00,1,1,D0,San Francisco County,46.72,2021-04-20
CA,100.00,46.72,"805,235.54",100.00,0.00,0.00,1,2,D1,San Francisco County,46.72,2021-04-20
CA,99.29,46.39,"799,488.92",99.29,0.00,0.00,1,3,D2,San Francisco County,46.72,2021-04-20
CA,100.00,46.72,"805,235.54",100.00,0.00,0.00,1,1,D0,San Francisco County,46.72,2021-04-27
CA,100.00,46.72,"805,235.54",100.00,0.00,0.00,1,2,D1,San Francisco County,46.72,2021-04-27
CA,99.29,46.39,"799,488.92",99.29,0.00,0.00,1,3,D2,San Francisco County,46.72,2021-04-27
CA,99.29,46.39,"799,488.92",99.29,0.00,0.00,1,4,D3,San Francisco County,46.72,2021-04-27
CA,100.00,46.72,"805,235.54",100.00,0.00,0.00,1,1,D0,San Francisco County,46.72,2021-05-04
CA,100.00,46.72,"805,235.54",100.00,0.00,0.00,1,2,D1,San Francisco County,46.72,2021-05-04
CA,99.29,46.39,"799,488.92",99.29,0.00,0.00,1,3,D2,San Francisco County,46.72,2021-05-04
CA,99.29,46.39,"799,488.92",99.29,0.00,0.00,1,4,D3,San Francisco County,46.72,2021-05-04
CA,100.00,46.72,"805,235.54",100.00,0.00,0.00,1,1,D0,San Francisco County,46.72,2021-05-11
CA,100.00,46.72,"805,235.54",100.00,0.00,0.00,1,2,D1,San Francisco County,46.72,2021-05-11
CA,100.00,46.72,"805,235.54",100.00,0.00,0.00,1,3,D2,San Francisco County,46.72,2021-05-11
CA,99.29,46.39,"799,488.92",99.29,0.00,0.00,1,4,D3,San Francisco County,46.72,2021-05-11
CA,100.00,46.72,"805,235.54",100.00,0.00,0.00,1,1,D0,San Francisco County,46.72,2021-05-18
CA,100.00,46.72,"805,235.54",100.00,0.00,0.00,1,2,D1,San Francisco County,46.72,2021-05-18
CA,100.00,46.72,"805,235.54",100.00,0.00,0.00,1,3,D2,San Francisco County,46.72,2021-05-18
CA,99.29,46.39,"799,488.92",99.29,0.00,0.00,1,4,D3,San Francisco County,46.72,2021-05-18
CA,28.61,13.37,"230,387.20",28.61,0.00,0.00,1,5,D4,San Francisco County,46.72,2021-05-18
CA,100.00,46.72,"805,235.54",100.00,0.00,0.00,1,1,D0,San Francisco County,46.72,2021-05-25
CA,100.00,46.72,"805,235.54",100.00,0.00,0.00,1,2,D1,San Francisco County,46.72,2021-05-25
CA,100.00,46.72,"805,235.54",100.00,0.00,0.00,1,3,D2,San Francisco County,46.72,2021-05-25
CA,99.29,46.39,"799,488.92",99.29,0.00,0.00,1,4,D3,San Francisco County,46.72,2021-05-25
CA,28.61,13.37,"230,387.20",28.61,0.00,0.00,1,5,D4,San Francisco County,46.72,2021-05-25
CA,100.00,46.72,"805,235.54",100.00,0.00,0.00,1,1,D0,San Francisco County,46.72,2021-06-01
CA,100.00,46.72,"805,235.54",100.00,0.00,0.00,1,2,D1,San Francisco County,46.72,2021-06-01
CA,100.00,46.72,"805,235.54",100.00,0.00,0.00,1,3,D2,San Francisco County,46.72,2021-06-01
CA,99.29,46.39,"799,488.92",99.29,0.00,0.00,1,4,D3,San Francisco County,46.72,2021-06-01
CA,28.61,13.37,"230,387.20",28.61,0.00,0.00,1,5,D4,San Francisco County,46.72,2021-06-01
CA,100.00,46.72,"805,235.54",100.00,0.00,0.00,1,1,D0,San Francisco County,46.72,2021-06-08
CA,100.00,46.72,"805,235.54",100.00,0.00,0.00,1,2,D1,San Francisco County,46.72,2021-06-08
CA,100.00,46.72,"805,235.54",100.00,0.00,0.00,1,3,D2,San Francisco County,46.72,2021-06-08
CA,99.29,46.39,"799,488.92",99.29,0.00,0.00,1,4,D3,San Francisco County,46.72,2021-06-08
CA,67.10,31.35,"540,301.04",67.10,0.00,0.00,1,5,D4,San Francisco County,46.72,2021-06-08
CA,100.00,46.72,"805,235.54",100.00,0.00,0.00,1,1,D0,San Francisco County,46.72,2021-06-15
CA,100.00,46.72,"805,235.54",100.00,0.00,0.00,1,2,D1,San Francisco County,46.72,2021-06-15
CA,100.00,46.72,"805,235.54",100.00,0.00,0.00,1,3,D2,San Francisco County,46.72,2021-06-15
CA,99.29,46.39,"799,488.92",99.29,0.00,0.00,1,4,D3,San Francisco County,46.72,2021-06-15
CA,67.10,31.35,"540,301.04",67.10,0.00,0.00,1,5,D4,San Francisco County,46.72,2021-06-15
CA,100.00,46.72,"805,235.54",100.00,0.00,0.00,1,1,D0,San Francisco County,46.72,2021-06-22
CA,100.00,46.72,"805,235.54",100.00,0.00,0.00,1,2,D1,San Francisco County,46.72,2021-06-22
CA,100.00,46.72,"805,235.54",100.00,0.00,0.00,1,3,D2,San Francisco County,46.72,2021-06-22
CA,99.29,46.39,"799,488.92",99.29,0.00,0.00,1,4,D3,San Francisco County,46.72,2021-06-22
CA,67.10,31.35,"540,301.04",67.10,0.00,0.00,1,5,D4,San Francisco County,46.72,2021-06-22
CA,100.00,46.72,"805,235.54",100.00,0.00,0.00,1,1,D0,San Francisco County,46.72,2021-06-29
CA,100.00,46.72,"805,235.54",100.00,0.00,0.00,1,2,D1,San Francisco County,46.72,2021-06-29
CA,100.00,46.72,"805,235.54",100.00,0.00,0.00,1,3,D2,San Francisco County,46.72,2021-06-29
CA,99.29,46.39,"799,488.92",99.29,0.00,0.00,1,4,D3,San Francisco County,46.72,2021-06-29
CA,67.10,31.35,"540,301.04",67.10,0.00,0.00,1,5,D4,San Francisco County,46.72,2021-06-29
CA,100.00,46.72,"805,235.54",100.00,0.00,0.00,1,1,D0,San Francisco County,46.72,2021-07-06
CA,100.00,46.72,"805,235.54",100.00,0.00,0.00,1,2,D1,San Francisco County,46.72,2021-07-06
CA,100.00,46.72,"805,235.54",100.00,0.00,0.00,1,3,D2,San Francisco County,46.72,2021-07-06
CA,99.29,46.39,"799,488.92",99.29,0.00,0.00,1,4,D3,San Francisco County,46.72,2021-07-06
CA,67.10,31.35,"540,301.04",67.10,0.00,0.00,1,5,D4,San Francisco County,46.72,2021-07-06
CA,100.00,46.72,"805,235.54",100.00,0.00,0.00,1,1,D0,San Francisco County,46.72,2021-07-13
CA,100.00,46.72,"805,235.54",100.00,0.00,0.00,1,2,D1,San Francisco County,46.72,2021-07-13
CA,100.00,46.72,"805,235.54",100.00,0.00,0.00,1,3,D2,San Francisco County,46.72,2021-07-13
CA,99.29,46.39,"799,488.92",99.29,0.00,0.00,1,4,D3,San Francisco County,46.72,2021-07-13
CA,67.10,31.35,"540,301.04",67.10,0.00,0.00,1,5,D4,San Francisco County,46.72,2021-07-13
CA,100.00,46.72,"805,235.54",100.00,0.00,0.00,1,1,D0,San Francisco County,46.72,2021-07-20
CA,100.00,46.72,"805,235.54",100.00,0.00,0.00,1,2,D1,San Francisco County,46.72,2021-07-20
CA,100.00,46.72,"805,235.54",100.00,0.00,0.00,1,3,D2,San Francisco County,46.72,2021-07-20
CA,99.29,46.39,"799,488.92",99.29,0.00,0.00,1,4,D3,San Francisco County,46.72,2021-07-20
CA,67.10,31.35,"540,301.04",67.10,0.00,0.00,1,5,D4,San Francisco County,46.72,2021-07-20
CA,100.00,46.72,"805,235.54",100.00,0.00,0.00,1,1,D0,San Francisco County,46.72,2021-07-27
CA,100.00,46.72,"805,235.54",100.00,0.00,0.00,1,2,D1,San Francisco County,46.72,2021-07-27
CA,100.00,46.72,"805,235.54",100.00,0.00,0.00,1,3,D2,San Francisco County,46.72,2021-07-27
CA,99.29,46.39,"799,488.92",99.29,0.00,0.00,1,4,D3,San Francisco County,46.72,2021-07-27
CA,67.10,31.35,"540,301.04",67.10,0.00,0.00,1,5,D4,San Francisco County,46.72,2021-07-27
CA,100.00,46.72,"805,235.54",100.00,0.00,0.00,1,1,D0,San Francisco County,46.72,2021-08-03
CA,100.00,46.72,"805,235.54",100.00,0.00,0.00,1,2,D1,San Francisco County,46.72,2021-08-03
CA,100.00,46.72,"805,235.54",100.00,0.00,0.00,1,3,D2,San Francisco County,46.72,2021-08-03
CA,99.29,46.39,"799,488.92",99.29,0.00,0.00,1,4,D3,San Francisco County,46.72,2021-08-03
CA,67.10,31.35,"540,301.04",67.10,0.00,0.00,1,5,D4,San Francisco County,46.72,2021-08-03
CA,100.00,46.72,"805,235.54",100.00,0.00,0.00,1,1,D0,San Francisco County,46.72,2021-08-10
CA,100.00,46.72,"805,235.54",100.00,0.00,0.00,1,2,D1,San Francisco County,46.72,2021-08-10
CA,100.00,46.72,"805,235.54",100.00,0.00,0.00,1,3,D2,San Francisco County,46.72,2021-08-10
CA,99.29,46.39,"799,488.92",99.29,0.00,0.00,1,4,D3,San Francisco County,46.72,2021-08-10
CA,67.10,31.35,"540,301.04",67.10,0.00,0.00,1,5,D4,San Francisco County,46.72,2021-08-10
CA,100.00,46.72,"805,235.54",100.00,0.00,0.00,1,1,D0,San Francisco County,46.72,2021-08-17
CA,100.00,46.72,"805,235.54",100.00,0.00,0.00,1,2,D1,San Francisco County,46.72,2021-08-17
CA,100.00,46.72,"805,235.54",100.00,0.00,0.00,1,3,D2,San Francisco County,46.72,2021-08-17
CA,99.29,46.39,"799,488.92",99.29,0.00,0.00,1,4,D3,San Francisco County,46.72,2021-08-17
CA,67.10,31.35,"540,301.04",67.10,0.00,0.00,1,5,D4,San Francisco County,46.72,2021-08-17
CA,100.00,46.72,"805,235.54",100.00,0.00,0.00,1,1,D0,San Francisco County,46.72,2021-08-24
CA,100.00,46.72,"805,235.54",100.00,0.00,0.00,1,2,D1,San Francisco County,46.72,2021-08-24
CA,100.00,46.72,"805,235.54",100.00,0.00,0.00,1,3,D2,San Francisco County,46.72,2021-08-24
CA,99.29,46.39,"799,488.92",99.29,0.00,0.00,1,4,D3,San Francisco County,46.72,2021-08-24
CA,67.10,31.35,"540,301.04",67.10,0.00,0.00,1,5,D4,San Francisco County,46.72,2021-08-24
CA,100.00,46.72,"805,235.54",100.00,0.00,0.00,1,1,D0,San Francisco County,46.72,2021-08-31
CA,100.00,46.72,"805,235.54",100.00,0.00,0.00,1,2,D1,San Francisco County,46.72,2021-08-31
CA,100.00,46.72,"805,235.54",100.00,0.00,0.00,1,3,D2,San Francisco County,46.72,2021-08-31
CA,99.29,46.39,"799,488.92",99.29,0.00,0.00,1,4,D3,San Francisco County,46.72,2021-08-31
CA,67.10,31.35,"540,301.04",67.10,0.00,0.00,1,5,D4,San Francisco County,46.72,2021-08-31
CA,100.00,46.72,"805,235.54",100.00,0.00,0.00,1,1,D0,San Francisco County,46.72,2021-09-07
CA,100.00,46.72,"805,235.54",100.00,0.00,0.00,1,2,D1,San Francisco County,46.72,2021-09-07
CA,100.00,46.72,"805,235.54",100.00,0.00,0.00,1,3,D2,San Francisco County,46.72,2021-09-07
CA,99.29,46.39,"799,488.92",99.29,0.00,0.00,1,4,D3,San Francisco County,46.72,2021-09-07
CA,67.10,31.35,"540,301.04",67.10,0.00,0.00,1,5,D4,San Francisco County,46.72,2021-09-07
CA,100.00,46.72,"805,235.54",100.00,0.00,0.00,1,1,D0,San Francisco County,46.72,2021-09-14
CA,100.00,46.72,"805,235.54",100.00,0.00,0.00,1,2,D1,San Francisco County,46.72,2021-09-14
CA,100.00,46.72,"805,235.54",100.00,0.00,0.00,1,3,D2,San Francisco County,46.72,2021-09-14
CA,99.29,46.39,"799,488.92",99.29,0.00,0.00,1,4,D3,San Francisco County,46.72,2021-09-14
CA,67.10,31.35,"540,301.04",67.10,0.00,0.00,1,5,D4,San Francisco County,46.72,2021-09-14
CA,100.00,46.72,"805,235.54",100.00,0.00,0.00,1,1,D0,San Francisco County,46.72,2021-09-21
CA,100.00,46.72,"805,235.54",100.00,0.00,0.00,1,2,D1,San Francisco County,46.72,2021-09-21
CA,100.00,46.72,"805,235.54",100.00,0.00,0.00,1,3,D2,San Francisco County,46.72,2021-09-21
CA,99.29,46.39,"799,488.92",99.29,0.00,0.00,1,4,D3,San Francisco County,46.72,2021-09-21
CA,67.10,31.35,"540,301.04",67.10,0.00,0.00,1,5,D4,San Francisco County,46.72,2021-09-21
CA,100.00,46.72,"805,235.54",100.00,0.00,0.00,1,1,D0,San Francisco County,46.72,2021-09-28
CA,100.00,46.72,"805,235.54",100.00,0.00,0.00,1,2,D1,San Francisco County,46.72,2021-09-28
CA,100.00,46.72,"805,235.54",100.00,0.00,0.00,1,3,D2,San Francisco County,46.72,2021-09-28
CA,99.29,46.39,"799,488.92",99.29,0.00,0.00,1,4,D3,San Francisco County,46.72,2021-09-28
CA,67.10,31.35,"540,301.04",67.10,0.00,0.00,1,5,D4,San Francisco County,46.72,2021-09-28
CA,100.00,46.72,"805,235.54",100.00,0.00,0.00,1,1,D0,San Francisco County,46.72,2021-10-05
CA,100.00,46.72,"805,235.54",100.00,0.00,0.00,1,2,D1,San Francisco County,46.72,2021-10-05
CA,100.00,46.72,"805,235.54",100.00,0.00,0.00,1,3,D2,San Francisco County,46.72,2021-10-05
CA,99.29,46.39,"799,488.92",99.29,0.00,0.00,1,4,D3,San Francisco County,46.72,2021-10-05
CA,67.10,31.35,"540,301.04",67.10,0.00,0.00,1,5,D4,San Francisco County,46.72,2021-10-05
CA,100.00,46.72,"805,235.54",100.00,0.00,0.00,1,1,D0,San Francisco County,46.72,2021-10-12
CA,100.00,46.72,"805,235.54",100.00,0.00,0.00,1,2,D1,San Francisco County,46.72,2021-10-12
CA,100.00,46.72,"805,235.54",100.00,0.00,0.00,1,3,D2,San Francisco County,46.72,2021-10-12
CA,99.29,46.39,"799,488.92",99.29,0.00,0.00,1,4,D3,San Francisco County,46.72,2021-10-12
CA,67.10,31.35,"540,301.04",67.10,0.00,0.00,1,5,D4,San Francisco County,46.72,2021-10-12
CA,100.00,46.72,"805,235.54",100.00,0.00,0.00,1,1,D0,San Francisco County,46.72,2021-10-19
CA,100.00,46.72,"805,235.54",100.00,0.00,0.00,1,2,D1,San Francisco County,46.72,2021-10-19
CA,100.00,46.72,"805,235.54",100.00,0.00,0.00,1,3,D2,San Francisco County,46.72,2021-10-19
CA,99.29,46.39,"799,488.92",99.29,0.00,0.00,1,4,D3,San Francisco County,46.72,2021-10-19
CA,67.10,31.35,"540,301.04",67.10,0.00,0.00,1,5,D4,San Francisco County,46.72,2021-10-19
CA,100.00,46.72,"805,235.54",100.00,0.00,0.00,1,1,D0,San Francisco County,46.72,2021-10-26
CA,100.00,46.72,"805,235.54",100.00,0.00,0.00,1,2,D1,San Francisco County,46.72,2021-10-26
CA,100.00,46.72,"805,235.54",100.00,0.00,0.00,1,3,D2,San Francisco County,46.72,2021-10-26
CA,99.29,46.39,"799,488.92",99.29,0.00,0.00,1,4,D3,San Francisco County,46.72,2021-10-26
CA,20.51,9.58,"165,142.48",20.51,0.00,0.00,1,5,D4,San Francisco County,46.72,2021-10-26
CA,100.00,46.72,"805,235.54",100.00,0.00,0.00,1,1,D0,San Francisco County,46.72,2021-11-02
CA,100.00,46.72,"805,235.54",100.00,0.00,0.00,1,2,D1,San Francisco County,46.72,2021-11-02
CA,100.00,46.72,"805,235.54",100.00,0.00,0.00,1,3,D2,San Francisco County,46.72,2021-11-02
CA,99.29,46.39,"799,488.92",99.29,0.00,0.00,1,4,D3,San Francisco County,46.72,2021-11-02
CA,20.51,9.58,"165,142.48",20.51,0.00,0.00,1,5,D4,San Francisco County,46.72,2021-11-02
CA,100.00,46.72,"805,235.54",100.00,0.00,0.00,1,1,D0,San Francisco County,46.72,2021-11-09
CA,100.00,46.72,"805,235.54",100.00,0.00,0.00,1,2,D1,San Francisco County,46.72,2021-11-09
CA,100.00,46.72,"805,235.54",100.00,0.00,0.00,1,3,D2,San Francisco County,46.72,2021-11-09
CA,99.29,46.39,"799,488.92",99.29,0.00,0.00,1,4,D3,San Francisco County,46.72,2021-11-09
CA,20.51,9.58,"165,142.48",20.51,0.00,0.00,1,5,D4,San Francisco County,46.72,2021-11-09
CA,100.00,46.72,"805,235.54",100.00,0.00,0.00,1,1,D0,San Francisco County,46.72,2021-11-16
CA,100.00,46.72,"805,235.54",100.00,0.00,0.00,1,2,D1,San Francisco County,46.72,2021-11-16
CA,100.00,46.72,"805,235.54",100.00,0.00,0.00,1,3,D2,San Francisco County,46.72,2021-11-16
CA,99.29,46.39,"799,488.92",99.29,0.00,0.00,1,4,D3,San Francisco County,46.72,2021-11-16
CA,20.51,9.58,"165,142.48",20.51,0.00,0.00,1,5,D4,San Francisco County,46.72,2021-11-16
CA,100.00,46.72,"805,235.54",100.00,0.00,0.00,1,1,D0,San Francisco County,46.72,2021-11-23
CA,100.00,46.72,"805,235.54",100.00,0.00,0.00,1,2,D1,San Francisco County,46.72,2021-11-23
CA,100.00,46.72,"805,235.54",100.00,0.00,0.00,1,3,D2,San Francisco County,46.72,2021-11-23
CA,99.29,46.39,"799,488.92",99.29,0.00,0.00,1,4,D3,San Francisco County,46.72,2021-11-23
CA,100.00,46.72,"805,235.54",100.00,0.00,0.00,1,1,D0,San Francisco County,46.72,2021-11-30
CA,100.00,46.72,"805,235.54",100.00,0.00,0.00,1,2,D1,San Francisco County,46.72,2021-11-30
CA,100.00,46.72,"805,235.54",100.00,0.00,0.00,1,3,D2,San Francisco County,46.72,2021-11-30
CA,99.29,46.39,"799,488.92",99.29,0.00,0.00,1,4,D3,San Francisco County,46.72,2021-11-30
CA,100.00,46.72,"805,235.54",100.00,0.00,0.00,1,1,D0,San Francisco County,46.72,2021-12-07
CA,100.00,46.72,"805,235.54",100.00,0.00,0.00,1,2,D1,San Francisco County,46.72,2021-12-07
CA,100.00,46.72,"805,235.54",100.00,0.00,0.00,1,3,D2,San Francisco County,46.72,2021-12-07
CA,99.29,46.39,"799,488.92",99.29,0.00,0.00,1,4,D3,San Francisco County,46.72,2021-12-07
CA,100.00,46.72,"805,235.54",100.00,0.00,0.00,1,1,D0,San Francisco County,46.72,2021-12-14
CA,100.00,46.72,"805,235.54",100.00,0.00,0.00,1,2,D1,San Francisco County,46.72,2021-12-14
CA,100.00,46.72,"805,235.54",100.00,0.00,0.00,1,3,D2,San Francisco County,46.72,2021-12-14
CA,99.29,46.39,"799,488.92",99.29,0.00,0.00,1,4,D3,San Francisco County,46.72,2021-12-14
CA,100.00,46.72,"805,235.54",100.00,0.00,0.00,1,1,D0,San Francisco County,46.72,2021-12-21
CA,100.00,46.72,"805,235.54",100.00,0.00,0.00,1,2,D1,San Francisco County,46.72,2021-12-21
CA,100.00,46.72,"805,235.54",100.00,0.00,0.00,1,3,D2,San Francisco County,46.72,2021-12-21
CA,99.29,46.39,"799,488.92",99.29,0.00,0.00,1,4,D3,San Francisco County,46.72,2021-12-21
CA,100.00,46.72,"805,235.54",100.00,0.00,0.00,1,1,D0,San Francisco County,46.72,2021-12-28
CA,100.00,46.72,"805,235.54",100.00,0.00,0.00,1,2,D1,San Francisco County,46.72,2021-12-28
CA,99.96,46.70,"804,880.84",99.96,0.00,0.00,1,3,D2,San Francisco County,46.72,2021-12-28
CA,1.93,63.71,"5,197.55",1.93,0.00,0.00,1,3,D2,San Luis Obispo County,"3,305.31",2021-04-06
CA,1.93,63.71,"5,197.55",1.93,0.00,0.00,1,3,D2,San Luis Obispo County,"3,305.31",2021-04-13
CA,0.47,12.95,"1,996.38",0.47,0.00,0.00,1,4,D3,Santa Barbara County,"2,750.34",2021-05-04
CA,0.47,12.95,"1,996.38",0.47,0.00,0.00,1,4,D3,Santa Barbara County,"2,750.34",2021-05-11
CA,0.47,12.95,"1,996.38",0.47,0.00,0.00,1,4,D3,Santa Barbara County,"2,750.34",2021-05-18
CA,0.37,10.13,"1,561.93",0.37,0.00,0.00,1,4,D3,Santa Barbara County,"2,750.34",2021-05-25
CA,0.37,10.13,"1,561.93",0.37,0.00,0.00,1,4,D3,Santa Barbara County,"2,750.34",2021-06-01
CA,0.39,10.81,"1,666.60",0.39,0.00,0.00,1,5,D4,Santa Barbara County,"2,750.34",2021-06-08
CA,0.39,10.81,"1,666.60",0.39,0.00,0.00,1,5,D4,Santa Barbara County,"2,750.34",2021-06-15
CA,0.39,10.81,"1,666.60",0.39,0.00,0.00,1,5,D4,Santa Barbara County,"2,750.34",2021-06-22
CA,0.39,10.81,"1,666.60",0.39,0.00,0.00,1,5,D4,Santa Barbara County,"2,750.34",2021-06-29
CA,0.39,10.81,"1,666.60",0.39,0.00,0.00,1,5,D4,Santa Barbara County,"2,750.34",2021-07-06
CA,0.39,10.81,"1,666.60",0.39,0.00,0.00,1,5,D4,Santa Barbara County,"2,750.34",2021-07-13
CA,0.39,10.81,"1,666.60",0.39,0.00,0.00,1,5,D4,Santa Barbara County,"2,750.34",2021-07-20
CA,0.39,10.81,"1,666.60",0.39,0.00,0.00,1,5,D4,Santa Barbara County,"2,750.34",2021-07-27
CA,0.39,10.81,"1,666.60",0.39,0.00,0.00,1,5,D4,Santa Barbara County,"2,750.34",2021-08-03
CA,0.39,10.81,"1,666.60",0.39,0.00,0.00,1,5,D4,Santa Barbara County,"2,750.34",2021-08-10
CA,0.39,10.81,"1,666.60",0.39,0.00,0.00,1,5,D4,Santa Barbara County,"2,750.34",2021-08-17
CA,0.39,10.81,"1,666.60",0.39,0.00,0.00,1,5,D4,Santa Barbara County,"2,750.34",2021-08-24
CA,0.39,10.81,"1,666.60",0.39,0.00,0.00,1,5,D4,Santa Barbara County,"2,750.34",2021-08-31
CA,0.39,10.81,"1,666.60",0.39,0.00,0.00,1,5,D4,Santa Barbara County,"2,750.34",2021-09-07
CA,0.39,10.81,"1,666.60",0.39,0.00,0.00,1,5,D4,Santa Barbara County,"2,750.34",2021-09-14
CA,0.39,10.81,"1,666.60",0.39,0.00,0.00,1,5,D4,Santa Barbara County,"2,750.34",2021-09-21
CA,0.39,10.81,"1,666.60",0.39,0.00,0.00,1,5,D4,Santa Barbara County,"2,750.34",2021-09-28
CA,0.39,10.81,"1,666.60",0.39,0.00,0.00,1,5,D4,Santa Barbara County,"2,750.34",2021-10-05
CA,0.39,10.81,"1,666.60",0.39,0.00,0.00,1,5,D4,Santa Barbara County,"2,750.34",2021-10-12
CA,0.39,10.81,"1,666.60",0.39,0.00,0.00,1,5,D4,Santa Barbara County,"2,750.34",2021-10-19
CA,0.39,10.81,"1,666.60",0.39,0.00,0.00,1,5,D4,Santa Barbara County,"2,750.34",2021-10-26
CA,0.39,10.81,"1,666.60",0.39,0.00,0.00,1,5,D4,Santa Barbara County,"2,750.34",2021-11-02
CA,0.39,10.81,"1,666.60",0.39,0.00,0.00,1,5,D4,Santa Barbara County,"2,750.34",2021-11-09
CA,0.39,10.81,"1,666.60",0.39,0.00,0.00,1,5,D4,Santa Barbara County,"2,750.34",2021-11-16
CA,0.39,10.81,"1,666.60",0.39,0.00,0.00,1,5,D4,Santa Barbara County,"2,750.34",2021-11-23
CA,0.39,10.81,"1,666.60",0.39,0.00,0.00,1,5,D4,Santa Barbara County,"2,750.34",2021-11-30
CA,0.39,10.81,"1,666.60",0.39,0.00,0.00,1,5,D4,Santa Barbara County,"2,750.34",2021-12-07
CA,0.39,10.81,"1,666.60",0.39,0.00,0.00,1,5,D4,Santa Barbara County,"2,750.34",2021-12-14
CA,0.39,10.81,"1,666.60",0.39,0.00,0.00,1,5,D4,Santa Barbara County,"2,750.34",2021-12-21
CA,0.33,9.14,"1,409.33",0.33,0.00,0.00,1,4,D3,Santa Barbara County,"2,750.34",2021-12-28
CA,0.20,2.58,"3,545.70",0.20,0.00,0.00,1,3,D2,Santa Clara County,"1,295.73",2021-04-13
CA,0.98,4.42,"2,571.08",0.98,0.00,0.00,1,2,D1,Santa Cruz County,450.69,2021-02-02
CA,0.98,4.42,"2,571.08",0.98,0.00,0.00,1,2,D1,Santa Cruz County,450.69,2021-02-09
CA,0.98,4.42,"2,571.08",0.98,0.00,0.00,1,2,D1,Santa Cruz County,450.69,2021-02-16
CA,0.98,4.42,"2,571.08",0.98,0.00,0.00,1,2,D1,Santa Cruz County,450.69,2021-02-23
CA,0.98,4.42,"2,571.08",0.98,0.00,0.00,1,2,D1,Santa Cruz County,450.69,2021-03-02
CA,0.98,4.42,"2,571.08",0.98,0.00,0.00,1,2,D1,Santa Cruz County,450.69,2021-03-09
CA,0.56,2.53,"1,471.19",0.56,0.00,0.00,1,2,D1,Santa Cruz County,450.69,2021-03-16
CA,0.96,4.31,"2,507.79",0.96,0.00,0.00,1,2,D1,Santa Cruz County,450.69,2021-03-23
CA,0.96,4.31,"2,507.79",0.96,0.00,0.00,1,2,D1,Santa Cruz County,450.69,2021-03-30
CA,0.04,0.20,113.78,0.04,0.00,0.00,1,4,D3,Santa Cruz County,450.69,2021-04-27
CA,3.92,37.51,126.89,3.92,0.00,0.00,1,4,D3,Sierra County,957.79,2021-04-06
CA,3.92,37.51,126.89,3.92,0.00,0.00,1,4,D3,Sierra County,957.79,2021-04-13
CA,3.92,37.51,126.89,3.92,0.00,0.00,1,4,D3,Sierra County,957.79,2021-04-20
CA,3.92,37.51,126.89,3.92,0.00,0.00,1,4,D3,Sierra County,957.79,2021-04-27
CA,10.79,90.88,"44,610.17",10.79,0.00,0.00,1,5,D4,Solano County,842.09,2021-05-18
CA,5.10,42.98,"21,097.47",5.10,0.00,0.00,1,5,D4,Solano County,842.09,2021-11-23
CA,5.10,42.98,"21,097.47",5.10,0.00,0.00,1,5,D4,Solano County,842.09,2021-11-30
CA,5.10,42.98,"21,097.47",5.10,0.00,0.00,1,5,D4,Solano County,842.09,2021-12-07
CA,5.10,42.98,"21,097.47",5.10,0.00,0.00,1,5,D4,Solano County,842.09,2021-12-14
CA,5.10,42.98,"21,097.47",5.10,0.00,0.00,1,5,D4,Solano County,842.09,2021-12-21
CA,2.10,33.54,"10,150.86",2.10,0.00,0.00,1,4,D3,Sonoma County,"1,598.94",2021-02-02
CA,2.10,33.54,"10,150.86",2.10,0.00,0.00,1,4,D3,Sonoma County,"1,598.94",2021-02-09
CA,2.10,33.54,"10,150.86",2.10,0.00,0.00,1,4,D3,Sonoma County,"1,598.94",2021-02-16
CA,3.00,47.89,"14,493.91",3.00,0.00,0.00,1,4,D3,Sonoma County,"1,598.94",2021-02-23
CA,3.00,47.89,"14,493.91",3.00,0.00,0.00,1,4,D3,Sonoma County,"1,598.94",2021-03-02
CA,3.00,47.89,"14,493.91",3.00,0.00,0.00,1,4,D3,Sonoma County,"1,598.94",2021-03-09
CA,3.00,47.89,"14,493.91",3.00,0.00,0.00,1,4,D3,Sonoma County,"1,598.94",2021-03-16
CA,3.00,47.89,"14,493.91",3.00,0.00,0.00,1,4,D3,Sonoma County,"1,598.94",2021-03-23
CA,3.00,47.89,"14,493.91",3.00,0.00,0.00,1,4,D3,Sonoma County,"1,598.94",2021-03-30
CA,3.00,47.89,"14,493.91",3.00,0.00,0.00,1,4,D3,Sonoma County,"1,598.94",2021-04-06
CA,3.00,47.89,"14,493.91",3.00,0.00,0.00,1,4,D3,Sonoma County,"1,598.94",2021-04-13
CA,3.50,53.03,"18,030.44",3.50,0.00,0.00,1,3,D2,Stanislaus County,"1,513.06",2021-02-02
CA,3.50,53.03,"18,030.44",3.50,0.00,0.00,1,3,D2,Stanislaus County,"1,513.06",2021-02-09
CA,3.50,53.03,"18,030.44",3.50,0.00,0.00,1,3,D2,Stanislaus County,"1,513.06",2021-02-16
CA,3.50,53.03,"18,030.44",3.50,0.00,0.00,1,3,D2,Stanislaus County,"1,513.06",2021-02-23
CA,3.50,53.03,"18,030.44",3.50,0.00,0.00,1,3,D2,Stanislaus County,"1,513.06",2021-03-02
CA,3.50,53.03,"18,030.44",3.50,0.00,0.00,1,3,D2,Stanislaus County,"1,513.06",2021-03-09
CA,3.50,53.03,"18,030.44",3.50,0.00,0.00,1,3,D2,Stanislaus County,"1,513.06",2021-03-16
CA,4.35,65.81,"22,374.84",4.35,0.00,0.00,1,3,D2,Stanislaus County,"1,513.06",2021-03-23
CA,4.35,65.81,"22,374.84",4.35,0.00,0.00,1,3,D2,Stanislaus County,"1,513.06",2021-03-30
CA,4.35,65.81,"22,374.84",4.35,0.00,0.00,1,3,D2,Stanislaus County,"1,513.06",2021-04-06
CA,0.21,3.13,"1,063.13",0.21,0.00,0.00,1,5,D4,Stanislaus County,"1,513.06",2021-05-25
CA,0.21,3.13,"1,063.13",0.21,0.00,0.00,1,5,D4,Stanislaus County,"1,513.06",2021-06-01
CA,0.21,3.13,"1,063.13",0.21,0.00,0.00,1,5,D4,Stanislaus County,"1,513.06",2021-06-08
CA,0.21,3.13,"1,063.13",0.21,0.00,0.00,1,5,D4,Stanislaus County,"1,513.06",2021-06-15
CA,0.21,3.13,"1,063.13",0.21,0.00,0.00,1,5,D4,Stanislaus County,"1,513.06",2021-06-22
CA,0.21,3.13,"1,063.13",0.21,0.00,0.00,1,5,D4,Stanislaus County,"1,513.06",2021-06-29
CA,0.21,3.13,"1,063.13",0.21,0.00,0.00,1,5,D4,Stanislaus County,"1,513.06",2021-07-06
CA,0.21,3.13,"1,063.13",0.21,0.00,0.00,1,5,D4,Stanislaus County,"1,513.06",2021-07-13
CA,0.21,3.13,"1,063.13",0.21,0.00,0.00,1,5,D4,Stanislaus County,"1,513.06",2021-07-20
CA,0.06,1.86,7.99,0.06,0.00,0.00,1,5,D4,Trinity County,"3,203.63",2021-08-17
CA,0.06,1.86,7.99,0.06,0.00,0.00,1,5,D4,Trinity County,"3,203.63",2021-08-24
CA,0.06,1.86,7.99,0.06,0.00,0.00,1,5,D4,Trinity County,"3,203.63",2021-08-31
CA,0.06,1.86,7.99,0.06,0.00,0.00,1,5,D4,Trinity County,"3,203.63",2021-09-07
CA,0.06,1.86,7.99,0.06,0.00,0.00,1,5,D4,Trinity County,"3,203.63",2021-09-14
CA,0.06,1.86,7.99,0.06,0.00,0.00,1,5,D4,Trinity County,"3,203.63",2021-09-21
CA,0.06,1.86,7.99,0.06,0.00,0.00,1,5,D4,Trinity County,"3,203.63",2021-09-28
CA,0.06,1.86,7.99,0.06,0.00,0.00,1,5,D4,Trinity County,"3,203.63",2021-10-05
CA,0.06,1.86,7.99,0.06,0.00,0.00,1,5,D4,Trinity County,"3,203.63",2021-10-12
CA,0.06,1.86,7.99,0.06,0.00,0.00,1,5,D4,Trinity County,"3,203.63",2021-10-19
