Name,Longitude,Latitude,Elevation (m),Date,ppt (mm),tmin (degrees C),tmean (degrees C),tmax (degrees C),vpdmin (hPa),vpdmax (hPa)
Sierra,-120.52,39.58,2239,2000,1607.74,0.4,6.4,12.4,2.16,11.32
Sierra,-120.52,39.58,2239,2001,1465.82,0.8,7,13.2,2.49,12.92
Sierra,-120.52,39.58,2239,2002,1418.49,0.3,6.8,13.2,2.51,12.57
Sierra,-120.52,39.58,2239,2003,1483.53,0.9,6.9,12.9,1.91,11.79
Sierra,-120.52,39.58,2239,2004,1382.13,0.6,6.8,13,2.35,12.04
Sierra,-120.52,39.58,2239,2005,2257.76,0.8,6.7,12.6,2.12,11.51
Sierra,-120.52,39.58,2239,2006,1902.24,0.8,6.5,12.2,2.34,11.76
Sierra,-120.52,39.58,2239,2007,1159.2,1.2,7,12.9,2.71,12.33
Sierra,-120.52,39.58,2239,2008,1182.83,1.1,7,12.9,2.81,12.9
Sierra,-120.52,39.58,2239,2009,1449.74,1.1,6.9,12.6,2.51,12.17
Sierra,-120.52,39.58,2239,2010,2189.11,0.2,5.8,11.3,2,10.99
Sierra,-120.52,39.58,2239,2011,1526.48,0.1,5.7,11.2,1.96,10.63
Sierra,-120.52,39.58,2239,2012,2041.29,1.5,7.1,12.8,2.48,12.18
Sierra,-120.52,39.58,2239,2013,504.36,1.4,7.3,13.2,2.53,12.43
Sierra,-120.52,39.58,2239,2014,1506.51,2.4,8,13.5,2.73,12.45
Sierra,-120.52,39.58,2239,2015,998.52,2.2,7.9,13.5,2.75,12.04
Sierra,-120.52,39.58,2239,2016,2091.04,1.7,7.2,12.7,2.62,11.72
Sierra,-120.52,39.58,2239,2017,2674.42,1.8,7.2,12.6,2.4,11.4
Sierra,-120.52,39.58,2239,2018,1291.48,2.1,7.7,13.2,2.94,12.22
Sierra,-120.52,39.58,2239,2019,2002.71,1,6.2,11.4,2.15,10.06
Sierra,-120.52,39.58,2239,2020,846.28,2.4,8.1,13.8,3.12,13
Sierra,-120.52,39.58,2239,2021,1483.15,2.4,7.7,12.9,3.6,13.1
Sierra,-120.52,39.58,2239,2022,1172.39,1.7,7.2,12.6,3.08,12.31
Sierra,-120.52,39.58,2239,2023,1767.83,0.4,5.6,10.9,2.11,10.34
Sierra,-120.52,39.58,2239,2024,1786.71,1.1,6.5,11.9,2.15,11.32
,,,,,,,,,,
Sacramento,-121.34,38.45,21,2000,564.37,9.2,16.1,23,1.49,19.39
Sacramento,-121.34,38.45,21,2001,551.37,9.2,16.5,23.7,1.74,21.89
Sacramento,-121.34,38.45,21,2002,425.85,8.5,15.9,23.4,1.61,20.9
Sacramento,-121.34,38.45,21,2003,426.48,9.3,16.2,23.2,1.51,20.15
Sacramento,-121.34,38.45,21,2004,439.9,9.3,16.3,23.2,1.6,20.53
Sacramento,-121.34,38.45,21,2005,556.72,9.5,16.3,23.1,1.64,20.08
Sacramento,-121.34,38.45,21,2006,483.68,9.2,16.1,23.1,1.84,20.54
Sacramento,-121.34,38.45,21,2007,288.64,8.7,16.1,23.5,1.91,21.43
Sacramento,-121.34,38.45,21,2008,352.43,8.7,16.1,23.5,2.32,22.54
Sacramento,-121.34,38.45,21,2009,476.68,8.9,16.1,23.4,1.99,21.51
Sacramento,-121.34,38.45,21,2010,645.11,8.9,15.6,22.2,1.52,18.86
Sacramento,-121.34,38.45,21,2011,455.39,8.2,15.2,22.1,1.46,18.82
Sacramento,-121.34,38.45,21,2012,638.18,9,16.3,23.5,2.09,21.88
Sacramento,-121.34,38.45,21,2013,161.85,8.4,16.2,24,2.19,22.92
Sacramento,-121.34,38.45,21,2014,515.28,10.3,17.6,24.8,2.08,23
Sacramento,-121.34,38.45,21,2015,200.65,9.9,17.2,24.5,2.31,22.9
Sacramento,-121.34,38.45,21,2016,556.72,9.7,16.8,23.8,1.93,21.52
Sacramento,-121.34,38.45,21,2017,694.99,9.8,16.8,23.8,2.12,21.84
Sacramento,-121.34,38.45,21,2018,504.57,9,16.5,23.9,1.81,21.86
Sacramento,-121.34,38.45,21,2019,608.77,9.6,16.5,23.5,1.73,20.92
Sacramento,-121.34,38.45,21,2020,209.6,9.5,17.2,24.9,2.22,24.76
Sacramento,-121.34,38.45,21,2021,491.27,9.5,16.9,24.4,2.23,24.22
Sacramento,-121.34,38.45,21,2022,270.16,8.9,16.9,24.8,2.14,25.75
Sacramento,-121.34,38.45,21,2023,529.12,9.1,16.1,23,1.5,20.51
Sacramento,-121.34,38.45,21,2024,522.2,10.3,17.5,24.8,2.14,24.73
,,,,,,,,,,
Santa Barbar,-120.04,34.54,708,2000,834.84,11.2,16.6,22.1,3.49,17.56
Santa Barbar,-120.04,34.54,708,2001,1227.4,11.2,16.4,21.6,3.52,16.39
Santa Barbar,-120.04,34.54,708,2002,448.35,11.1,16.5,22,4.58,18.37
Santa Barbar,-120.04,34.54,708,2003,606.35,12,17.2,22.5,5.58,19.25
Santa Barbar,-120.04,34.54,708,2004,827.01,11.8,17.1,22.5,5.68,20.09
Santa Barbar,-120.04,34.54,708,2005,1246.37,11.8,17.1,22.4,4.95,18.53
Santa Barbar,-120.04,34.54,708,2006,814.26,11.6,17,22.5,5.3,20.15
Santa Barbar,-120.04,34.54,708,2007,351.54,11.1,16.8,22.5,5.53,20.33
Santa Barbar,-120.04,34.54,708,2008,775.85,11.6,17.3,22.9,6.39,21.14
Santa Barbar,-120.04,34.54,708,2009,531.44,11.6,17.1,22.6,5.7,20.25
Santa Barbar,-120.04,34.54,708,2010,1025.97,10.9,16.2,21.5,4.87,17.85
Santa Barbar,-120.04,34.54,708,2011,635.12,11.2,16.4,21.7,5.15,18.35
Santa Barbar,-120.04,34.54,708,2012,553.68,12.2,17.6,22.9,6.2,20.91
Santa Barbar,-120.04,34.54,708,2013,165.51,12.3,17.7,23.1,6.37,21.19
Santa Barbar,-120.04,34.54,708,2014,487.98,13.4,18.7,24,6.73,22.32
Santa Barbar,-120.04,34.54,708,2015,177.32,13.2,18.4,23.7,5.88,21.56
Santa Barbar,-120.04,34.54,708,2016,544.79,13.1,18.2,23.4,5.89,21.4
Santa Barbar,-120.04,34.54,708,2017,670.31,13,18.2,23.4,6.05,21.19
Santa Barbar,-120.04,34.54,708,2018,529.65,13.1,18.1,23.1,6.11,20.67
Santa Barbar,-120.04,34.54,708,2019,1075.61,12.1,16.9,21.7,5.24,18.2
Santa Barbar,-120.04,34.54,708,2020,454.62,13.1,18.1,23.1,6.78,20.99
Santa Barbar,-120.04,34.54,708,2021,695.78,12.3,17.5,22.6,5.64,19.57
Santa Barbar,-120.04,34.54,708,2022,412.39,12.7,17.6,22.5,6.07,20.27
Santa Barbar,-120.04,34.54,708,2023,1360.45,11.2,15.6,20,4.44,15.42
Santa Barbar,-120.04,34.54,708,2024,834.47,12,16.3,20.7,5.02,17.34
,,,,,,,,,,
Calaveras,-120.56,38.18,484,2000,999.89,8.4,15.6,22.8,2.15,20.61
Calaveras,-120.56,38.18,484,2001,791.54,8.8,16.2,23.7,2.82,23
Calaveras,-120.56,38.18,484,2002,667.42,8.4,15.9,23.4,2.67,22.21
Calaveras,-120.56,38.18,484,2003,645.75,8.8,16.2,23.6,2.55,22.88
Calaveras,-120.56,38.18,484,2004,627.07,8.3,15.9,23.4,2.82,23.18
Calaveras,-120.56,38.18,484,2005,1081.89,8.8,15.9,23.1,2.21,21.87
Calaveras,-120.56,38.18,484,2006,995.05,8.6,15.9,23.2,2.84,23.65
Calaveras,-120.56,38.18,484,2007,546.63,8.2,15.8,23.5,2.87,23.8
Calaveras,-120.56,38.18,484,2008,576,8.3,16,23.7,3.47,25.66
Calaveras,-120.56,38.18,484,2009,695.19,8.2,15.6,23.1,2.9,23.48
Calaveras,-120.56,38.18,484,2010,1191.51,7.9,14.9,21.9,1.92,20.55
Calaveras,-120.56,38.18,484,2011,748.84,7.5,14.6,21.7,2,20.29
Calaveras,-120.56,38.18,484,2012,879.47,8.3,15.8,23.2,2.91,23.34
Calaveras,-120.56,38.18,484,2013,236.29,7.5,15.6,23.7,2.7,23.65
Calaveras,-120.56,38.18,484,2014,708,9.2,16.8,24.5,3.24,24.78
Calaveras,-120.56,38.18,484,2015,605.82,8.6,16.3,24.1,2.78,24.33
Calaveras,-120.56,38.18,484,2016,990.5,8.5,16.1,23.6,2.85,23.78
Calaveras,-120.56,38.18,484,2017,1234.13,9.1,16.4,23.6,3.78,23.58
Calaveras,-120.56,38.18,484,2018,757.74,8.7,16.1,23.6,3.35,23.68
Calaveras,-120.56,38.18,484,2019,1116.11,8.3,15.4,22.5,2.62,21.88
Calaveras,-120.56,38.18,484,2020,485.1,8.9,16.5,24.1,3.68,25.09
Calaveras,-120.56,38.18,484,2021,772.12,8.7,16.2,23.6,3.51,25.02
Calaveras,-120.56,38.18,484,2022,560,8.5,16.1,23.8,3.74,25.37
Calaveras,-120.56,38.18,484,2023,994.96,8.5,15.4,22.2,2.5,20.82
Calaveras,-120.56,38.18,484,2024,811.47,9.3,16.2,23.1,3.02,22.62
,,,,,,,,,,
Ventura,-119.13,34.36,252,2000,509.47,9.8,16.4,23,1.44,17.02
Ventura,-119.13,34.36,252,2001,756.85,9.5,15.9,22.3,0.91,15.65
Ventura,-119.13,34.36,252,2002,300.23,9.2,16.1,22.9,1.39,17.86
Ventura,-119.13,34.36,252,2003,451.08,9.9,16.7,23.5,1.68,18.7
Ventura,-119.13,34.36,252,2004,574.22,9.3,16.3,23.3,1.85,18.82
Ventura,-119.13,34.36,252,2005,957.98,9.8,16.3,22.8,1.46,16.83
Ventura,-119.13,34.36,252,2006,498.75,9.5,16.3,23.2,1.77,18.76
Ventura,-119.13,34.36,252,2007,212.41,9.2,16.2,23.2,2.12,19.55
Ventura,-119.13,34.36,252,2008,484.24,9.6,16.7,23.7,2.26,20.62
Ventura,-119.13,34.36,252,2009,367.44,9.4,16.4,23.4,2.27,19.8
Ventura,-119.13,34.36,252,2010,733.97,9.1,15.7,22.2,1.71,17.28
Ventura,-119.13,34.36,252,2011,426.78,8.8,15.6,22.3,1.55,17.4
Ventura,-119.13,34.36,252,2012,325.99,9.6,16.6,23.5,2.04,20.01
Ventura,-119.13,34.36,252,2013,120.67,9.2,16.6,24,2,20.79
Ventura,-119.13,34.36,252,2014,343.4,10.3,17.7,25.2,2.07,22.16
Ventura,-119.13,34.36,252,2015,166.86,9.9,17.6,25.2,1.77,22.28
Ventura,-119.13,34.36,252,2016,354.18,9.6,17.2,24.8,1.63,21.81
Ventura,-119.13,34.36,252,2017,383.61,10.4,17.7,25.1,1.67,21.54
Ventura,-119.13,34.36,252,2018,341.68,9.8,17.3,24.8,1.51,21.3
Ventura,-119.13,34.36,252,2019,767.22,9.4,16.3,23.2,1.39,18.39
Ventura,-119.13,34.36,252,2020,262.57,10.2,17.2,24.2,2.39,20.46
Ventura,-119.13,34.36,252,2021,366.86,9.8,16.3,22.8,2.11,18.24
Ventura,-119.13,34.36,252,2022,208.19,10.2,16.9,23.7,2.51,19.52
Ventura,-119.13,34.36,252,2023,1089.99,9.9,15.6,21.4,1.47,14.71
Ventura,-119.13,34.36,252,2024,626.35,10,16.1,22.2,1.52,15.24
,,,,,,,,,,
Los Angeles,-118.26,34.2,500,2000,489.8,10.7,17,23.3,2.76,18.66
Los Angeles,-118.26,34.2,500,2001,582.84,10.3,16.4,22.4,2.35,17.02
Los Angeles,-118.26,34.2,500,2002,270.02,10.1,16.4,22.7,2.81,18.34
Los Angeles,-118.26,34.2,500,2003,476.46,11.4,17.4,23.5,3.88,19.55
Los Angeles,-118.26,34.2,500,2004,738.14,10.7,16.9,23.1,3.85,19.2
Los Angeles,-118.26,34.2,500,2005,982,10.8,16.7,22.6,2.81,17.18
Los Angeles,-118.26,34.2,500,2006,522.78,10.8,17.3,23.8,3.27,21.01
Los Angeles,-118.26,34.2,500,2007,246.02,10.5,16.9,23.3,3.5,20.19
Los Angeles,-118.26,34.2,500,2008,546.41,11.1,17.7,24.3,4.13,22.38
Los Angeles,-118.26,34.2,500,2009,362.91,11.3,17.5,23.7,4.5,21.44
Los Angeles,-118.26,34.2,500,2010,878.34,10.5,16.7,22.8,3.25,18.92
Los Angeles,-118.26,34.2,500,2011,393.13,10.2,16.8,23.4,2.89,19.53
Los Angeles,-118.26,34.2,500,2012,304.21,11.2,17.7,24.2,3.61,21.13
Los Angeles,-118.26,34.2,500,2013,163.05,11.1,17.6,24.1,3.77,21.87
Los Angeles,-118.26,34.2,500,2014,291.39,12.4,18.8,25.1,4.08,22.23
Los Angeles,-118.26,34.2,500,2015,250.91,12.7,19.1,25.5,5.01,24.97
Los Angeles,-118.26,34.2,500,2016,394.72,12.5,18.7,25,4.88,23.93
Los Angeles,-118.26,34.2,500,2017,435.82,12.8,19,25.2,5.12,24.12
Los Angeles,-118.26,34.2,500,2018,386.58,12.7,18.8,24.9,4.8,23.53
Los Angeles,-118.26,34.2,500,2019,794.04,11.7,17.5,23.4,4.19,20.95
Los Angeles,-118.26,34.2,500,2020,322.76,12.8,18.8,24.8,5.35,23.09
Los Angeles,-118.26,34.2,500,2021,444.54,12.2,17.7,23.3,3.85,18.85
Los Angeles,-118.26,34.2,500,2022,270.08,12.8,18.3,23.7,4.38,19.79
Los Angeles,-118.26,34.2,500,2023,1051.79,11.5,16.4,21.4,2.97,15.34
Los Angeles,-118.26,34.2,500,2024,508.27,12.1,17.4,22.7,3.2,16.72
,,,,,,,,,,
Sonoma,-122.93,38.53,176,2000,1165.94,8,14.4,20.8,0.88,14.49
Sonoma,-122.93,38.53,176,2001,1458.89,8,14.8,21.6,1.2,16.66
Sonoma,-122.93,38.53,176,2002,1198.35,7.8,14.7,21.5,1.11,16.13
Sonoma,-122.93,38.53,176,2003,1290.83,8.1,14.8,21.5,0.94,15.77
Sonoma,-122.93,38.53,176,2004,1226.15,8.4,15.1,21.9,1.15,16.51
Sonoma,-122.93,38.53,176,2005,1708.1,8.2,14.6,21,0.66,13.47
Sonoma,-122.93,38.53,176,2006,1454.21,7.8,14.4,21,0.93,15.48
Sonoma,-122.93,38.53,176,2007,854.11,7.4,14.5,21.6,0.92,16.48
Sonoma,-122.93,38.53,176,2008,925.6,7.4,14.6,21.8,1.4,18.04
Sonoma,-122.93,38.53,176,2009,919.45,7.4,14.3,21.2,1.04,16.09
Sonoma,-122.93,38.53,176,2010,1753.87,7.6,13.9,20.2,0.83,13.99
Sonoma,-122.93,38.53,176,2011,937.24,7.1,13.8,20.5,1.06,14.89
Sonoma,-122.93,38.53,176,2012,1521.84,7.3,14.3,21.4,1.09,16.77
Sonoma,-122.93,38.53,176,2013,304.37,7.1,14.6,22.1,1.36,18.16
Sonoma,-122.93,38.53,176,2014,1393.45,8.8,15.7,22.5,1.33,17.59
Sonoma,-122.93,38.53,176,2015,714.3,8.5,15.6,22.8,1.18,18.51
Sonoma,-122.93,38.53,176,2016,1520.83,8.3,15,21.7,0.89,16.15
Sonoma,-122.93,38.53,176,2017,1729.49,8.3,15.2,22.1,1.31,17.76
Sonoma,-122.93,38.53,176,2018,1102.34,8,14.9,21.9,1.16,17.09
Sonoma,-122.93,38.53,176,2019,1877.64,8.4,14.9,21.4,1.3,16.59
Sonoma,-122.93,38.53,176,2020,413.32,8.2,15.6,23,1.52,19.73
Sonoma,-122.93,38.53,176,2021,1073.9,8.3,15.2,22,1.4,17.76
Sonoma,-122.93,38.53,176,2022,629.91,8.1,15.3,22.5,1.43,18.46
Sonoma,-122.93,38.53,176,2023,1620.07,8.4,14.6,20.7,0.99,14.46
Sonoma,-122.93,38.53,176,2024,1759.34,9.1,15.5,21.9,1.22,16.77
,,,,,,,,,,
Kings,-119.82,36.07,56,2000,203.24,9.8,17.2,24.6,2.25,22.3
Kings,-119.82,36.07,56,2001,231.87,10.3,17.8,25.2,3.44,25.25
Kings,-119.82,36.07,56,2002,111.87,9.4,17.2,25,3.16,24.75
Kings,-119.82,36.07,56,2003,152.68,10.2,17.6,24.9,3.09,24.29
Kings,-119.82,36.07,56,2004,187.44,9.9,17.2,24.6,2.87,24.39
Kings,-119.82,36.07,56,2005,225.18,10.1,17.4,24.6,2.93,23.94
Kings,-119.82,36.07,56,2006,251.8,9.4,17,24.6,3.02,24.91
Kings,-119.82,36.07,56,2007,102.61,9.1,17.1,25.2,3.4,26.57
Kings,-119.82,36.07,56,2008,129.88,9.4,17.4,25.3,3.92,27.47
Kings,-119.82,36.07,56,2009,137.85,9.4,17.3,25.2,3.74,27.07
Kings,-119.82,36.07,56,2010,335.92,9.5,16.7,24,2.98,23.19
Kings,-119.82,36.07,56,2011,180.03,8.9,16.3,23.8,2.65,22.49
Kings,-119.82,36.07,56,2012,154.5,9.7,17.7,25.6,3.67,26.43
Kings,-119.82,36.07,56,2013,60.16,9.3,17.6,25.8,3.97,27.43
Kings,-119.82,36.07,56,2014,150.76,11.1,19.1,27.1,4.63,29.33
Kings,-119.82,36.07,56,2015,120.41,10.6,18.4,26.2,4.28,27.74
Kings,-119.82,36.07,56,2016,209.5,10.5,18.4,26.3,3.72,27.56
Kings,-119.82,36.07,56,2017,232.74,10.4,18.1,25.9,3.73,27.18
Kings,-119.82,36.07,56,2018,165.14,10.1,17.9,25.7,3.57,26.46
Kings,-119.82,36.07,56,2019,272.87,10,17.6,25.2,3.23,25.15
Kings,-119.82,36.07,56,2020,125.88,10,17.9,25.9,3.42,26.66
Kings,-119.82,36.07,56,2021,191.72,10.3,18.1,25.9,3.48,27.63
Kings,-119.82,36.07,56,2022,118.78,10,17.9,25.9,4.24,27.65
Kings,-119.82,36.07,56,2023,296.38,9.9,17.3,24.6,2.96,23.4
Kings,-119.82,36.07,56,2024,230.78,10.7,18.2,25.8,3.45,25.91
,,,,,,,,,,
San Diego,-116.7761,33.02,514,2000,290.75,7.8,16.5,25.3,1.7,24.06
San Diego,-116.7761,33.02,514,2001,378.87,7.4,16.1,24.8,1.28,23.09
San Diego,-116.7761,33.02,514,2002,231.29,6.8,16.1,25.3,1.84,25.33
San Diego,-116.7761,33.02,514,2003,401.67,8.4,16.9,25.5,1.56,24.24
San Diego,-116.7761,33.02,514,2004,495.12,7.7,16.4,25.2,1.73,24.33
San Diego,-116.7761,33.02,514,2005,481.21,7.8,16.5,25.2,1.37,23.71
San Diego,-116.7761,33.02,514,2006,313.43,7.7,16.8,25.8,1.99,26.38
San Diego,-116.7761,33.02,514,2007,220.27,7.8,16.7,25.6,2.42,26.36
San Diego,-116.7761,33.02,514,2008,474.91,8.6,17.3,25.9,2.32,26.39
San Diego,-116.7761,33.02,514,2009,278.21,8.4,16.9,25.4,2.5,25.47
San Diego,-116.7761,33.02,514,2010,707.57,7.9,15.8,23.6,1.64,21.43
San Diego,-116.7761,33.02,514,2011,380.79,7.3,15.8,24.2,1.52,23.05
San Diego,-116.7761,33.02,514,2012,292.2,8.4,17,25.6,2.02,25.92
San Diego,-116.7761,33.02,514,2013,211.42,8.4,16.4,24.4,2.73,23.19
San Diego,-116.7761,33.02,514,2014,268.41,9.5,17.8,26.2,3.18,26.17
San Diego,-116.7761,33.02,514,2015,372.06,9.3,17.3,25.4,2.87,24.26
San Diego,-116.7761,33.02,514,2016,432.76,9,17.1,25.2,3.08,24.06
San Diego,-116.7761,33.02,514,2017,422.78,9.6,17.5,25.3,3.04,23.55
San Diego,-116.7761,33.02,514,2018,301.96,9.1,17.1,25.2,2.87,23.78
San Diego,-116.7761,33.02,514,2019,711.16,8.7,16.1,23.5,2.34,21.06
San Diego,-116.7761,33.02,514,2020,358.76,11,18,25.1,4.2,24.37
San Diego,-116.7761,33.02,514,2021,351.44,11.2,17.6,24.1,3.64,21.68
San Diego,-116.7761,33.02,514,2022,265.23,11.9,18.2,24.4,4.15,22.6
San Diego,-116.7761,33.02,514,2023,657.82,11.3,16.9,22.4,3.03,18.33
San Diego,-116.7761,33.02,514,2024,408.66,11.9,17.9,23.9,3.11,20.72
,,,,,,,,,,
Placer,-120.72,39.06,762,2000,1407.22,7.6,14.1,20.7,3.29,18.83
Placer,-120.72,39.06,762,2001,1086.26,8.1,15,21.8,4.22,21.88
Placer,-120.72,39.06,762,2002,1093.66,7.8,14.8,21.9,3.88,21.56
Placer,-120.72,39.06,762,2003,1104.53,8.1,14.9,21.6,3.65,20.77
Placer,-120.72,39.06,762,2004,1013.26,7.8,14.8,21.7,3.8,21.53
Placer,-120.72,39.06,762,2005,1774.89,7.9,14.4,20.9,3.23,19.51
Placer,-120.72,39.06,762,2006,1483.34,7.9,14.5,21.1,4.04,21.26
Placer,-120.72,39.06,762,2007,889.45,7.8,14.7,21.6,4.1,21.83
Placer,-120.72,39.06,762,2008,817.74,8.2,15,21.7,5.09,23.05
Placer,-120.72,39.06,762,2009,1050.11,8.2,14.7,21.2,4.44,21.35
Placer,-120.72,39.06,762,2010,1762.01,7.8,13.8,19.8,3.33,18.25
Placer,-120.72,39.06,762,2011,1116.1,7.4,13.6,19.9,3.34,18.29
Placer,-120.72,39.06,762,2012,1670.7,8.2,14.7,21.1,4.24,20.7
Placer,-120.72,39.06,762,2013,392.4,8.3,15,21.6,4.54,21.01
Placer,-120.72,39.06,762,2014,1295.04,9.7,15.9,22.1,4.79,21.31
Placer,-120.72,39.06,762,2015,751.55,9.3,15.7,22,4.69,21.34
Placer,-120.72,39.06,762,2016,1660.11,8.9,15,21.2,4.37,20.4
Placer,-120.72,39.06,762,2017,2014.45,9.1,15.2,21.3,4.35,20.53
Placer,-120.72,39.06,762,2018,1150.59,8.9,15.3,21.8,4.6,21.32
Placer,-120.72,39.06,762,2019,1631.78,8.5,14.5,20.4,3.73,18.72
Placer,-120.72,39.06,762,2020,724.79,9.5,15.9,22.3,5.24,22.55
Placer,-120.72,39.06,762,2021,1263.43,9.4,15.8,22.2,4.74,23.8
Placer,-120.72,39.06,762,2022,966.83,9.1,15.6,22.2,5.27,23.32
Placer,-120.72,39.06,762,2023,1348.63,8.3,14.1,19.8,3.83,18.15
Placer,-120.72,39.06,762,2024,1342.51,9.5,15.2,20.8,4.76,19.84
,,,,,,,,,,
San Francisc,-122.45,37.76,144,2000,752.96,9.9,13.8,17.6,0.99,8.01
San Francisc,-122.45,37.76,144,2001,822.57,9.8,13.9,18.1,1.08,8.95
San Francisc,-122.45,37.76,144,2002,656.87,9.8,13.8,17.9,1.25,9.16
San Francisc,-122.45,37.76,144,2003,597.3,10.6,14.4,18.3,1.36,9.59
San Francisc,-122.45,37.76,144,2004,639.21,10.5,14.4,18.3,1.23,9.48
San Francisc,-122.45,37.76,144,2005,873.78,10.3,14.1,17.9,0.92,7.73
San Francisc,-122.45,37.76,144,2006,809.17,9.8,13.7,17.6,1.22,8.87
San Francisc,-122.45,37.76,144,2007,429.25,9.7,13.7,17.7,1.47,9.75
San Francisc,-122.45,37.76,144,2008,499.37,9.6,13.7,17.8,1.62,10.45
San Francisc,-122.45,37.76,144,2009,614.38,9.7,13.8,17.8,1.43,9.73
San Francisc,-122.45,37.76,144,2010,845.6,9.6,13.3,16.9,1.25,8.48
San Francisc,-122.45,37.76,144,2011,555.05,9.2,13,16.8,1.39,8.6
San Francisc,-122.45,37.76,144,2012,807.61,9.4,13.3,17.1,1.18,8.56
San Francisc,-122.45,37.76,144,2013,162.62,9.2,13.6,17.9,1.4,10.19
San Francisc,-122.45,37.76,144,2014,759.98,10.9,15,19.1,1.12,9.7
San Francisc,-122.45,37.76,144,2015,301.41,10.7,14.8,19,1.22,10.27
San Francisc,-122.45,37.76,144,2016,757.16,10.4,14.3,18.1,1.06,8.95
San Francisc,-122.45,37.76,144,2017,797.39,10.3,14.4,18.5,1.24,10.57
San Francisc,-122.45,37.76,144,2018,595.27,10.2,14,17.8,1.27,8.41
San Francisc,-122.45,37.76,144,2019,819.83,10.5,14.3,18.1,1.47,9.34
San Francisc,-122.45,37.76,144,2020,249.7,10.6,14.7,18.8,1.48,10.62
San Francisc,-122.45,37.76,144,2021,673.74,10.2,13.7,17.2,1.21,8.13
San Francisc,-122.45,37.76,144,2022,454.42,10,13.9,17.7,1.28,9.31
San Francisc,-122.45,37.76,144,2023,927.82,10,13.5,17.1,1.05,7.95
San Francisc,-122.45,37.76,144,2024,825.8,10.2,13.9,17.7,1.05,9.16
,,,,,,,,,,
Marin,-122.75,38.05,120,2000,946.67,8.1,13.9,19.7,0.7,12.16
Marin,-122.75,38.05,120,2001,1098.4,8,14.2,20.4,0.81,13.81
Marin,-122.75,38.05,120,2002,963.96,7.7,14.1,20.4,0.9,13.87
Marin,-122.75,38.05,120,2003,927.2,8,14.3,20.5,0.83,14.06
Marin,-122.75,38.05,120,2004,919.34,8.1,14.3,20.6,0.94,13.95
Marin,-122.75,38.05,120,2005,1279.9,8.1,14,19.9,0.67,11.88
Marin,-122.75,38.05,120,2006,1136.49,7.7,13.8,20,0.8,13.06
Marin,-122.75,38.05,120,2007,589.15,7.3,13.8,20.3,0.8,13.6
Marin,-122.75,38.05,120,2008,709.99,7.2,13.8,20.4,0.98,15.03
Marin,-122.75,38.05,120,2009,783.7,7.2,13.6,19.9,0.79,13.51
Marin,-122.75,38.05,120,2010,1271.83,7.6,13.4,19.1,0.76,12
Marin,-122.75,38.05,120,2011,816.3,6.9,13.1,19.3,0.82,12.53
Marin,-122.75,38.05,120,2012,1123.93,7.1,13.5,20,0.76,13.62
Marin,-122.75,38.05,120,2013,225.74,6.7,13.6,20.6,0.87,15.13
Marin,-122.75,38.05,120,2014,1181.32,9,15.2,21.4,0.99,14.26
Marin,-122.75,38.05,120,2015,450.87,8.5,14.9,21.3,0.91,14.7
Marin,-122.75,38.05,120,2016,1141.4,8.5,14.5,20.4,0.75,12.83
Marin,-122.75,38.05,120,2017,1326.7,8.2,14.6,21,0.94,14.32
Marin,-122.75,38.05,120,2018,820.09,8,14.3,20.6,0.88,13.31
Marin,-122.75,38.05,120,2019,1489.64,8.4,14.4,20.4,1.02,13.74
Marin,-122.75,38.05,120,2020,303.1,7.6,14.7,21.8,0.76,15.39
Marin,-122.75,38.05,120,2021,889.23,7.5,14,20.5,0.55,13.53
Marin,-122.75,38.05,120,2022,486.91,7.8,14.3,20.8,0.78,13.82
Marin,-122.75,38.05,120,2023,1163.85,8,13.4,18.9,0.61,10.59
Marin,-122.75,38.05,120,2024,1230.22,8,13.7,19.3,0.44,10.9
,,,,,,,,,,
Mariposa,-119.91,37.57,1053,2000,1127.08,7.1,14.2,21.3,3.4,20.1
Mariposa,-119.91,37.57,1053,2001,1030.97,6.7,14.3,21.9,3.65,22.16
Mariposa,-119.91,37.57,1053,2002,806.05,6.6,14.1,21.5,3.85,21.77
Mariposa,-119.91,37.57,1053,2003,821.86,6.6,14.1,21.7,3.43,21.36
Mariposa,-119.91,37.57,1053,2004,889.41,6.9,14.4,21.9,3.85,22.13
Mariposa,-119.91,37.57,1053,2005,1338.56,6.8,14,21.2,2.57,19.17
Mariposa,-119.91,37.57,1053,2006,1124.06,6.4,13.7,21,3.03,20.14
Mariposa,-119.91,37.57,1053,2007,536.6,6.4,13.9,21.4,3.67,21.43
Mariposa,-119.91,37.57,1053,2008,837.03,6.3,13.8,21.3,4.23,22.25
Mariposa,-119.91,37.57,1053,2009,974.64,6.3,13.6,21,3.8,20.91
Mariposa,-119.91,37.57,1053,2010,1419.22,6.1,12.9,19.8,2.82,18.47
Mariposa,-119.91,37.57,1053,2011,904.11,5.7,12.8,19.9,2.78,18.2
Mariposa,-119.91,37.57,1053,2012,990.06,6.7,14,21.2,4.3,21.52
Mariposa,-119.91,37.57,1053,2013,257.68,6,13.9,21.8,4.32,22
Mariposa,-119.91,37.57,1053,2014,585.08,7.3,14.9,22.4,4.79,22.87
Mariposa,-119.91,37.57,1053,2015,579.78,7.2,14.5,21.9,4.47,21.68
Mariposa,-119.91,37.57,1053,2016,1026.46,6.5,14,21.5,4.19,21.31
Mariposa,-119.91,37.57,1053,2017,1540.32,7.3,14.3,21.3,4.22,20.71
Mariposa,-119.91,37.57,1053,2018,914.64,6.8,14.2,21.6,4.4,21.09
Mariposa,-119.91,37.57,1053,2019,1255.65,6.1,13.2,20.3,3.51,18.95
Mariposa,-119.91,37.57,1053,2020,445.56,8.6,15.3,22.1,5.33,22.37
Mariposa,-119.91,37.57,1053,2021,814.29,9.2,15.6,22.1,5.79,22.99
Mariposa,-119.91,37.57,1053,2022,679.47,9.3,15.6,21.8,5.9,22.4
Mariposa,-119.91,37.57,1053,2023,1353.17,8.9,14.1,19.4,4.49,17.4
Mariposa,-119.91,37.57,1053,2024,932.48,10.6,15.6,20.6,5.83,19.02
,,,,,,,,,,
Lassen,-120.63,40.72,2023,2000,354.36,-0.1,6.6,13.3,2.14,13.31
Lassen,-120.63,40.72,2023,2001,232.99,-0.1,6.8,13.7,2.48,14.41
Lassen,-120.63,40.72,2023,2002,300.39,-0.4,6.7,13.8,2.41,14.34
Lassen,-120.63,40.72,2023,2003,486.7,0.5,7.1,13.6,2.17,13.76
Lassen,-120.63,40.72,2023,2004,311.81,0,6.8,13.7,2.18,13.57
Lassen,-120.63,40.72,2023,2005,447.72,0,6.6,13.2,1.79,12.54
Lassen,-120.63,40.72,2023,2006,472.6,-0.3,6.5,13.3,2.1,13.51
Lassen,-120.63,40.72,2023,2007,264.98,-0.2,6.9,14,2.22,14.4
Lassen,-120.63,40.72,2023,2008,296.62,-0.3,6.7,13.6,2.47,14.4
Lassen,-120.63,40.72,2023,2009,389.22,0,6.8,13.5,2.47,13.78
Lassen,-120.63,40.72,2023,2010,515.26,0.2,6.3,12.4,2,12.22
Lassen,-120.63,40.72,2023,2011,397.44,-0.3,6.1,12.6,1.97,12.45
Lassen,-120.63,40.72,2023,2012,516.99,0.6,7.3,13.9,2.53,14.5
Lassen,-120.63,40.72,2023,2013,202.95,0,7,14.1,2.28,14.07
Lassen,-120.63,40.72,2023,2014,456.17,1.9,8.3,14.7,2.6,14.31
Lassen,-120.63,40.72,2023,2015,473.17,2.3,8.4,14.5,2.63,13.83
Lassen,-120.63,40.72,2023,2016,532.09,1.3,7.5,13.6,2.33,13.3
Lassen,-120.63,40.72,2023,2017,634.7,2.3,7.8,13.3,2.9,13.07
Lassen,-120.63,40.72,2023,2018,503.27,2,7.7,13.4,2.92,13.05
Lassen,-120.63,40.72,2023,2019,682.66,1.2,6.6,12.1,2.22,11.28
Lassen,-120.63,40.72,2023,2020,303.72,2.2,8.3,14.3,3.12,14.66
Lassen,-120.63,40.72,2023,2021,507.38,2.3,8.3,14.2,2.97,14.43
Lassen,-120.63,40.72,2023,2022,362.9,1.9,7.9,13.8,2.86,13.73
Lassen,-120.63,40.72,2023,2023,613.84,1.2,6.7,12.2,1.86,11.12
Lassen,-120.63,40.72,2023,2024,630.47,2.5,8,13.6,2.8,13.45
,,,,,,,,,,
Napa,-122.33,38.51,307,2000,856.07,8.5,15.2,21.8,1.64,17.39
Napa,-122.33,38.51,307,2001,997.25,8.7,15.6,22.5,2.23,20.65
Napa,-122.33,38.51,307,2002,873.32,8.2,15.3,22.4,2.31,19.53
Napa,-122.33,38.51,307,2003,864.94,8.7,15.5,22.3,1.91,18.54
Napa,-122.33,38.51,307,2004,903.91,8.6,15.6,22.5,1.91,19.29
Napa,-122.33,38.51,307,2005,1228.73,8.6,15.3,22,1.46,17.61
Napa,-122.33,38.51,307,2006,979.51,8.4,15.1,21.8,1.8,18.06
Napa,-122.33,38.51,307,2007,499.11,8.1,15.3,22.6,1.97,20.21
Napa,-122.33,38.51,307,2008,677.46,8,15.4,22.8,2.77,21.19
Napa,-122.33,38.51,307,2009,726.87,7.9,15,22.1,1.8,18.84
Napa,-122.33,38.51,307,2010,1251.38,7.9,14.3,20.7,1.43,16.04
Napa,-122.33,38.51,307,2011,809.46,7.6,14.4,21.1,1.8,17.53
Napa,-122.33,38.51,307,2012,1123.28,7.9,15.1,22.2,2.27,19.53
Napa,-122.33,38.51,307,2013,179.22,7.9,15.5,23,2.47,20.77
Napa,-122.33,38.51,307,2014,944.01,9.4,16.4,23.4,2.39,20.19
Napa,-122.33,38.51,307,2015,371.28,9.3,16.3,23.4,2.34,21.03
Napa,-122.33,38.51,307,2016,1055.16,8.9,15.6,22.3,1.95,18.67
Napa,-122.33,38.51,307,2017,1190.06,9.1,15.9,22.6,2.59,20.04
Napa,-122.33,38.51,307,2018,672.62,8.7,15.7,22.6,2.43,19.52
Napa,-122.33,38.51,307,2019,1227.36,8.8,15.4,21.9,2.17,18.81
Napa,-122.33,38.51,307,2020,279.3,9.5,16.6,23.6,3.28,22.08
Napa,-122.33,38.51,307,2021,717.98,9,15.8,22.7,2.59,20.93
Napa,-122.33,38.51,307,2022,453.7,8.8,15.9,23.1,2.93,21.71
Napa,-122.33,38.51,307,2023,1034.59,8.3,14.7,21.1,1.77,16.77
Napa,-122.33,38.51,307,2024,1154.41,8.7,15.4,22.2,1.81,18.73
,,,,,,,,,,
Shasta,-122.04,40.76,505,2000,1420.88,8.7,15.7,22.6,3.17,22.81
Shasta,-122.04,40.76,505,2001,1430.35,9.1,16.4,23.6,3.9,25.54
Shasta,-122.04,40.76,505,2002,1214.97,8.8,16.4,24.1,4.09,26.76
Shasta,-122.04,40.76,505,2003,1447.52,9.1,16.3,23.5,3.63,25.33
Shasta,-122.04,40.76,505,2004,1146.82,8.9,16.4,23.9,3.62,25.58
Shasta,-122.04,40.76,505,2005,1706,8.8,16,23.3,2.97,23.71
Shasta,-122.04,40.76,505,2006,1667.87,8.9,15.7,22.5,3.82,24.01
Shasta,-122.04,40.76,505,2007,867.74,8.6,15.9,23.2,3.63,24.51
Shasta,-122.04,40.76,505,2008,881,8.6,16,23.5,4.91,26.9
Shasta,-122.04,40.76,505,2009,1067.79,8.7,16,23.3,4.43,25.84
Shasta,-122.04,40.76,505,2010,1723.6,8.6,15,21.4,3.33,21.16
Shasta,-122.04,40.76,505,2011,1056.83,8.2,15.1,21.9,3.29,22.12
Shasta,-122.04,40.76,505,2012,1500.79,8.7,15.9,23.2,4,25.82
Shasta,-122.04,40.76,505,2013,406.56,8.7,16.5,24.3,4.36,26.72
Shasta,-122.04,40.76,505,2014,1446.66,10.2,17.2,24.3,4.58,26.67
Shasta,-122.04,40.76,505,2015,741.76,10.1,17.3,24.5,4.25,26.7
Shasta,-122.04,40.76,505,2016,1895.05,9.8,16.4,23,3.72,23.83
Shasta,-122.04,40.76,505,2017,1619.59,9.5,16.5,23.4,4.08,25.37
Shasta,-122.04,40.76,505,2018,1034.01,9.4,16.6,23.7,4.31,25.37
Shasta,-122.04,40.76,505,2019,1685.82,9.1,15.8,22.6,3.67,23.25
Shasta,-122.04,40.76,505,2020,736.68,9.5,16.9,24.3,4.5,26.93
Shasta,-122.04,40.76,505,2021,1162.57,9.2,16.7,24.1,4.3,27.88
Shasta,-122.04,40.76,505,2022,770.68,8.9,16.6,24.3,4.63,27.97
Shasta,-122.04,40.76,505,2023,1529.88,8.5,15.3,22.1,3.1,22.8
Shasta,-122.04,40.76,505,2024,1832.95,9.4,15.9,22.5,3.87,23.08
,,,,,,,,,,
Monterey,-121.32,36.24,309,2000,515.32,6.6,14.8,23,0.57,18.07
Monterey,-121.32,36.24,309,2001,568.19,6.8,15.1,23.3,1.08,19.63
Monterey,-121.32,36.24,309,2002,407.46,6.3,14.8,23.4,1.15,20.36
Monterey,-121.32,36.24,309,2003,372.79,6.9,15.3,23.7,1.44,21.56
Monterey,-121.32,36.24,309,2004,461.04,6.5,15,23.5,1.39,20.96
Monterey,-121.32,36.24,309,2005,519.48,6.9,15.2,23.5,1.32,20.6
Monterey,-121.32,36.24,309,2006,519.19,6.2,14.8,23.3,1.32,21.82
Monterey,-121.32,36.24,309,2007,193.56,5.8,14.6,23.4,1.35,22.07
Monterey,-121.32,36.24,309,2008,368.35,6.1,15,23.9,1.82,23.78
Monterey,-121.32,36.24,309,2009,360.74,6.6,15.1,23.6,1.69,22.6
Monterey,-121.32,36.24,309,2010,518.73,6.7,14.5,22.3,1.23,19.37
Monterey,-121.32,36.24,309,2011,362.1,6.1,14.3,22.6,1.26,20.02
Monterey,-121.32,36.24,309,2012,424.75,6.5,15,23.5,1.77,22.14
Monterey,-121.32,36.24,309,2013,78.29,6.4,15.2,24.1,2.02,23.36
Monterey,-121.32,36.24,309,2014,412.84,8.2,16.6,24.9,2.2,24.3
Monterey,-121.32,36.24,309,2015,233.8,7.7,16.2,24.7,1.82,23.49
Monterey,-121.32,36.24,309,2016,445.69,7.6,15.9,24.1,1.65,22.43
Monterey,-121.32,36.24,309,2017,570.92,7.9,16.2,24.4,2.09,23.33
Monterey,-121.32,36.24,309,2018,436.12,7.3,15.8,24.3,1.88,23.08
Monterey,-121.32,36.24,309,2019,745.59,7.5,15.4,23.3,1.54,21.31
Monterey,-121.32,36.24,309,2020,211.01,7.3,16,24.7,1.83,24.18
Monterey,-121.32,36.24,309,2021,501.99,7.2,15.7,24.3,1.55,23.13
Monterey,-121.32,36.24,309,2022,312.07,6.9,15.9,24.9,1.68,24.82
Monterey,-121.32,36.24,309,2023,709.61,7,14.7,22.4,1.08,19.16
Monterey,-121.32,36.24,309,2024,561.35,7.6,15.2,22.9,1.51,19.7
,,,,,,,,,,
Trinity,-123.11,40.65,1306,2000,1083.29,4.8,10.8,16.7,2.35,13.98
Trinity,-123.11,40.65,1306,2001,1243.36,5,11.2,17.5,2.95,15.41
Trinity,-123.11,40.65,1306,2002,1284.38,5.2,11.7,18.1,3.54,16.32
Trinity,-123.11,40.65,1306,2003,1204.17,5.2,11.3,17.4,2.9,15.69
Trinity,-123.11,40.65,1306,2004,1032.31,5.1,11.6,18,2.85,16.17
Trinity,-123.11,40.65,1306,2005,1714.96,4.9,11,17.1,2.6,14.69
Trinity,-123.11,40.65,1306,2006,1460.42,4.9,10.9,17,3.05,15.91
Trinity,-123.11,40.65,1306,2007,878.82,4.7,11.2,17.8,2.66,15.95
Trinity,-123.11,40.65,1306,2008,994.79,4.7,11.2,17.7,3.48,16.56
Trinity,-123.11,40.65,1306,2009,934.69,4.8,11.2,17.6,3.26,16.61
Trinity,-123.11,40.65,1306,2010,1647.46,4.2,10,15.7,2.34,13.16
Trinity,-123.11,40.65,1306,2011,1057.06,4.2,10.2,16.2,2.52,13.42
Trinity,-123.11,40.65,1306,2012,1489.26,4.8,11,17.2,3.11,15.56
Trinity,-123.11,40.65,1306,2013,397.42,5.2,11.7,18.2,3.3,16.59
Trinity,-123.11,40.65,1306,2014,1091.48,6.4,12.6,18.7,3.37,17.08
Trinity,-123.11,40.65,1306,2015,818.41,6.6,12.7,18.9,3.42,17.52
Trinity,-123.11,40.65,1306,2016,1462.32,5.5,11.4,17.3,2.76,15.63
Trinity,-123.11,40.65,1306,2017,1299.57,5.6,11.5,17.3,3.21,16.2
Trinity,-123.11,40.65,1306,2018,817.26,5.8,11.8,17.8,3.57,16.44
Trinity,-123.11,40.65,1306,2019,1365.11,5.1,10.8,16.5,2.76,14.55
Trinity,-123.11,40.65,1306,2020,532.76,6.2,12.2,18.3,3.68,17.41
Trinity,-123.11,40.65,1306,2021,951.8,5.3,11.4,17.4,3.36,16.68
Trinity,-123.11,40.65,1306,2022,658.94,5.3,11.2,17.2,3.3,16.81
Trinity,-123.11,40.65,1306,2023,1347.59,4.7,10.2,15.7,2.28,14.34
Trinity,-123.11,40.65,1306,2024,1684.98,5.5,11,16.4,3.04,15.52
,,,,,,,,,,
Mendocino,-123.44,39.43,289,2000,1033.08,5.8,13.2,20.5,0.18,14.55
Mendocino,-123.44,39.43,289,2001,1333.09,5.5,13.2,21,0.23,16.13
Mendocino,-123.44,39.43,289,2002,1232.13,5,13,21,0.34,15.96
Mendocino,-123.44,39.43,289,2003,1200.91,5.8,13.3,20.9,0.23,15.45
Mendocino,-123.44,39.43,289,2004,1047.56,5.7,13.5,21.3,0.22,15.55
Mendocino,-123.44,39.43,289,2005,1688.92,5.8,13.2,20.6,0.14,13.67
Mendocino,-123.44,39.43,289,2006,1380.1,5.5,13,20.5,0.4,16.57
Mendocino,-123.44,39.43,289,2007,798.18,4.9,12.5,20.1,0.26,14.96
Mendocino,-123.44,39.43,289,2008,877.84,5,12.9,20.7,0.65,17.7
Mendocino,-123.44,39.43,289,2009,818.23,5.2,13,20.7,0.43,17.02
Mendocino,-123.44,39.43,289,2010,1768.27,5.9,12.6,19.3,0.3,13.99
Mendocino,-123.44,39.43,289,2011,1016.15,5.3,12.5,19.8,0.41,14.84
Mendocino,-123.44,39.43,289,2012,1468.39,5.5,13.1,20.7,0.53,16.78
Mendocino,-123.44,39.43,289,2013,363,5.3,13.5,21.6,0.75,17.95
Mendocino,-123.44,39.43,289,2014,1275.79,7.3,14.9,22.5,0.76,18.7
Mendocino,-123.44,39.43,289,2015,802.55,7,14.7,22.5,0.76,18.95
Mendocino,-123.44,39.43,289,2016,1530.79,7,14.1,21.2,0.57,16.67
Mendocino,-123.44,39.43,289,2017,1394.28,6.7,14,21.3,0.66,17.46
Mendocino,-123.44,39.43,289,2018,974.1,6.1,13.7,21.3,0.68,17.33
Mendocino,-123.44,39.43,289,2019,1415.11,6.7,13.8,21,0.67,16.62
Mendocino,-123.44,39.43,289,2020,514.58,6.4,14.3,22.1,0.8,18.74
Mendocino,-123.44,39.43,289,2021,1065.89,6.2,13.9,21.7,0.8,18.64
Mendocino,-123.44,39.43,289,2022,802.36,5.8,13.5,21.3,0.63,17.6
Mendocino,-123.44,39.43,289,2023,1403.72,6.5,13.3,20.2,0.72,15.47
Mendocino,-123.44,39.43,289,2024,1732.46,6.9,13.8,20.6,0.94,16.3
,,,,,,,,,,
Inyo,-117.4,36.56,1511,2000,106.92,7.4,14.3,21.3,6.46,23.78
Inyo,-117.4,36.56,1511,2001,160.4,7.6,14.4,21.1,6.71,23.94
Inyo,-117.4,36.56,1511,2002,82.51,7.2,14.5,21.8,7.29,25.82
Inyo,-117.4,36.56,1511,2003,143.46,7.7,14.6,21.5,6.22,24.45
Inyo,-117.4,36.56,1511,2004,187.6,7,14,20.9,6.52,23.76
Inyo,-117.4,36.56,1511,2005,239.39,7.1,14.1,21.1,5.1,22.67
Inyo,-117.4,36.56,1511,2006,116.45,7.2,14.1,21,6.34,24.11
Inyo,-117.4,36.56,1511,2007,109.2,8.1,14.9,21.7,7.66,25.47
Inyo,-117.4,36.56,1511,2008,128.74,7.8,14.7,21.6,7.21,25.18
Inyo,-117.4,36.56,1511,2009,102.8,7.3,14.4,21.4,6.48,24.3
Inyo,-117.4,36.56,1511,2010,255.97,7,13.7,20.5,5.78,21.9
Inyo,-117.4,36.56,1511,2011,75.46,7,13.8,20.6,5.78,22.56
Inyo,-117.4,36.56,1511,2012,111.11,8.2,15,21.8,6.75,25.29
Inyo,-117.4,36.56,1511,2013,61.07,7.5,14.8,22,6.66,24.77
Inyo,-117.4,36.56,1511,2014,102.42,8.4,15.6,22.9,6.68,25.64
Inyo,-117.4,36.56,1511,2015,104.76,8.3,15.1,21.8,6.42,23.73
Inyo,-117.4,36.56,1511,2016,109.76,8.6,15.1,21.7,7.15,24.79
Inyo,-117.4,36.56,1511,2017,204.52,8.7,15.2,21.7,6.59,24.49
Inyo,-117.4,36.56,1511,2018,97.72,8.4,15.1,21.8,7.12,25.12
Inyo,-117.4,36.56,1511,2019,224.73,7,13.3,19.7,5.77,21.7
Inyo,-117.4,36.56,1511,2020,76.32,8.5,15.3,22.1,7.79,26.09
Inyo,-117.4,36.56,1511,2021,77.91,8.8,15.3,21.8,8.34,26.18
Inyo,-117.4,36.56,1511,2022,91.37,8.9,15.1,21.3,8.26,24.79
Inyo,-117.4,36.56,1511,2023,285.38,7.2,13.2,19.3,5.34,20.35
Inyo,-117.4,36.56,1511,2024,126.53,8.9,15.2,21.6,7.91,24.5
,,,,,,,,,,
Mono,-118.88,37.92,2411,2000,322.57,-2.4,6.1,14.6,2.02,15.21
Mono,-118.88,37.92,2411,2001,521.78,-2.9,5.9,14.8,2.29,15.87
Mono,-118.88,37.92,2411,2002,354.39,-3.6,5.6,14.7,2.35,16.27
Mono,-118.88,37.92,2411,2003,296.7,-2.4,6.2,14.8,1.99,15.4
Mono,-118.88,37.92,2411,2004,497.74,-2.6,5.9,14.3,2.13,15.09
Mono,-118.88,37.92,2411,2005,646.56,-2.2,5.9,14,1.85,14.26
Mono,-118.88,37.92,2411,2006,500.04,-2.9,5.6,14.2,2.12,15.3
Mono,-118.88,37.92,2411,2007,246.38,-2.1,6.6,15.4,2.13,16.31
Mono,-118.88,37.92,2411,2008,451.07,-2.6,6,14.7,2.27,15.76
Mono,-118.88,37.92,2411,2009,431.69,-2.2,6.1,14.4,2.47,15.18
Mono,-118.88,37.92,2411,2010,666.88,-2.3,5.5,13.4,2.32,14.13
Mono,-118.88,37.92,2411,2011,371.25,-2.3,5.7,13.7,2.39,14.51
Mono,-118.88,37.92,2411,2012,390.8,-1.1,7.2,15.5,2.72,16.87
Mono,-118.88,37.92,2411,2013,134.14,-1.7,6.6,14.9,2.55,15.89
Mono,-118.88,37.92,2411,2014,304.13,-0.2,7.8,15.8,2.67,16.3
Mono,-118.88,37.92,2411,2015,420.95,-0.4,7.4,15.1,2.51,15.3
Mono,-118.88,37.92,2411,2016,500.68,-0.4,7.4,15.2,3.03,15.96
Mono,-118.88,37.92,2411,2017,824.22,-0.5,7.1,14.8,2.52,15.03
Mono,-118.88,37.92,2411,2018,407.58,-0.9,7.1,15.1,2.7,15.71
Mono,-118.88,37.92,2411,2019,601.43,-2,5.7,13.4,2.15,13.91
Mono,-118.88,37.92,2411,2020,242.13,0.4,7.8,15.1,3.66,16.22
Mono,-118.88,37.92,2411,2021,581.67,1.5,7.6,13.8,3.59,14.37
Mono,-118.88,37.92,2411,2022,338.62,0.6,6.7,12.9,3.21,13.56
Mono,-118.88,37.92,2411,2023,770.7,-0.8,5.2,11.2,2.35,11.76
Mono,-118.88,37.92,2411,2024,458.39,0.5,6.9,13.4,2.93,14.22
,,,,,,,,,,
Tuolumne,-119.96,38.02,1777,2000,1428.99,5.2,10.7,16.2,3.72,14.33
Tuolumne,-119.96,38.02,1777,2001,1270.77,5.1,10.9,16.8,3.92,16.2
Tuolumne,-119.96,38.02,1777,2002,1104.5,4.8,10.7,16.5,4.03,15.71
Tuolumne,-119.96,38.02,1777,2003,1144.68,5.1,10.8,16.5,3.75,15.13
Tuolumne,-119.96,38.02,1777,2004,1074.61,5.2,10.9,16.6,4.18,15.67
Tuolumne,-119.96,38.02,1777,2005,1827.39,5.1,10.5,15.9,3.15,13.73
Tuolumne,-119.96,38.02,1777,2006,1348.34,5,10.4,15.8,3.71,14.89
Tuolumne,-119.96,38.02,1777,2007,734.83,5.2,10.9,16.7,4.18,16.27
Tuolumne,-119.96,38.02,1777,2008,1052.22,5.4,11,16.6,4.77,16.71
Tuolumne,-119.96,38.02,1777,2009,1286.68,5.3,10.8,16.3,4.34,15.48
Tuolumne,-119.96,38.02,1777,2010,1861.52,4.5,9.8,15.1,3.21,13.4
Tuolumne,-119.96,38.02,1777,2011,1196.77,4.5,9.8,15.2,3.21,13.3
Tuolumne,-119.96,38.02,1777,2012,1267.95,5.8,11.3,16.8,4.47,16.03
Tuolumne,-119.96,38.02,1777,2013,359.89,5.8,11.2,16.6,4.6,15.61
Tuolumne,-119.96,38.02,1777,2014,923.24,6.7,12.2,17.7,4.74,16.56
Tuolumne,-119.96,38.02,1777,2015,886.99,6.4,11.8,17.2,4.46,15.81
Tuolumne,-119.96,38.02,1777,2016,1456.16,6.1,11.5,16.9,4.65,15.88
Tuolumne,-119.96,38.02,1777,2017,1897.65,6.3,11.6,16.9,4.45,15.69
Tuolumne,-119.96,38.02,1777,2018,1073.49,6.2,11.7,17.2,4.76,16.08
Tuolumne,-119.96,38.02,1777,2019,1589.55,5.1,10.3,15.5,3.62,13.77
Tuolumne,-119.96,38.02,1777,2020,573.99,6.9,12.3,17.8,5.21,17.05
Tuolumne,-119.96,38.02,1777,2021,1012.98,7.3,12.6,17.9,5.16,17.65
Tuolumne,-119.96,38.02,1777,2022,791.61,6.8,11.9,17,5.01,16.04
Tuolumne,-119.96,38.02,1777,2023,1615.39,5.9,10.1,14.3,3.51,11.85
Tuolumne,-119.96,38.02,1777,2024,1196.93,7.7,11.8,15.8,5.09,14.14
,,,,,,,,,,
Solano,-121.94,38.27,12,2000,590.34,9,15.6,22.2,1.26,17.37
Solano,-121.94,38.27,12,2001,599.24,9.2,16,22.8,1.81,19.41
Solano,-121.94,38.27,12,2002,523.38,8.5,15.5,22.5,1.35,18.37
Solano,-121.94,38.27,12,2003,436.18,9,15.8,22.5,1.25,18.31
Solano,-121.94,38.27,12,2004,554.09,9.2,15.8,22.5,1.42,17.88
Solano,-121.94,38.27,12,2005,759.55,9,15.5,22,1.22,16.99
Solano,-121.94,38.27,12,2006,614.51,8.8,15.4,22.1,1.45,17.92
Solano,-121.94,38.27,12,2007,293.97,8.3,15.4,22.6,1.51,18.75
Solano,-121.94,38.27,12,2008,409.75,8.5,15.5,22.6,1.79,19.79
Solano,-121.94,38.27,12,2009,510.69,8.4,15.4,22.4,1.3,18.63
Solano,-121.94,38.27,12,2010,665.22,8.5,14.9,21.3,1.12,16.06
Solano,-121.94,38.27,12,2011,416.5,7.7,14.6,21.4,1.08,16.74
Solano,-121.94,38.27,12,2012,585.04,8.3,15.6,22.8,1.2,19.44
Solano,-121.94,38.27,12,2013,136.14,8,15.7,23.4,1.44,20.54
Solano,-121.94,38.27,12,2014,592.94,10,17,24,1.16,20.11
Solano,-121.94,38.27,12,2015,210.24,9.5,16.6,23.7,1.71,20.4
Solano,-121.94,38.27,12,2016,589.31,9.4,16.2,23.1,1.33,18.96
Solano,-121.94,38.27,12,2017,735.27,9.3,16.3,23.2,1.66,20.04
Solano,-121.94,38.27,12,2018,443.95,8.7,16,23.3,1.52,19.7
Solano,-121.94,38.27,12,2019,708.32,9.1,16.3,23.5,1.61,20.64
Solano,-121.94,38.27,12,2020,166.49,9.2,17.1,25,2,24.42
Solano,-121.94,38.27,12,2021,540.01,9.1,16.6,24,1.67,22.74
Solano,-121.94,38.27,12,2022,270.85,8.7,16.5,24.3,1.77,23.5
Solano,-121.94,38.27,12,2023,666.48,9.1,15.8,22.4,1.48,18.48
Solano,-121.94,38.27,12,2024,523.62,10,16.6,23.3,2.07,20.32
,,,,,,,,,,
San Bernardi,-116.18,34.86,591,2000,44.88,12.4,20.6,28.8,8.73,37.79
San Bernardi,-116.18,34.86,591,2001,128.23,12.7,20.6,28.6,9.23,38.34
San Bernardi,-116.18,34.86,591,2002,21.44,12,20.4,28.7,9.53,38.57
San Bernardi,-116.18,34.86,591,2003,138.97,12.9,20.8,28.6,8.66,37.02
San Bernardi,-116.18,34.86,591,2004,173.24,12.2,20.1,28,8.28,35.84
San Bernardi,-116.18,34.86,591,2005,232.31,12.5,20.2,27.8,7.35,34.71
San Bernardi,-116.18,34.86,591,2006,34.08,12.4,20.5,28.6,8.77,37.99
San Bernardi,-116.18,34.86,591,2007,52.41,12.8,20.7,28.5,9.71,38.4
San Bernardi,-116.18,34.86,591,2008,109.93,12.9,20.5,28.1,9.39,37.36
San Bernardi,-116.18,34.86,591,2009,59.72,12.7,20.4,28.1,9.48,37.57
San Bernardi,-116.18,34.86,591,2010,203.31,12.6,19.9,27.3,8.3,34.9
San Bernardi,-116.18,34.86,591,2011,53.39,12.2,19.8,27.3,8.64,35.62
San Bernardi,-116.18,34.86,591,2012,99.26,13.8,21.2,28.6,10.07,36.99
San Bernardi,-116.18,34.86,591,2013,66.38,13.5,20.7,27.9,10.33,36.49
San Bernardi,-116.18,34.86,591,2014,60.24,14.7,21.8,29,10.87,37.91
San Bernardi,-116.18,34.86,591,2015,86.41,14.3,21.3,28.3,10,36.67
San Bernardi,-116.18,34.86,591,2016,99.12,14.2,21.3,28.4,10.5,37.42
San Bernardi,-116.18,34.86,591,2017,99.14,14.3,21.6,29,10.34,38.83
San Bernardi,-116.18,34.86,591,2018,102.9,14.4,21.6,28.8,10.57,38.52
San Bernardi,-116.18,34.86,591,2019,159.25,12.8,19.9,27,9.15,35.27
San Bernardi,-116.18,34.86,591,2020,99.29,13.4,21.1,28.8,10.47,39.8
San Bernardi,-116.18,34.86,591,2021,62.45,13.7,21,28.4,11.46,38.6
San Bernardi,-116.18,34.86,591,2022,56.92,13.4,20.6,27.9,10.36,36.86
San Bernardi,-116.18,34.86,591,2023,166.72,12.7,19.7,26.7,9.38,34.38
San Bernardi,-116.18,34.86,591,2024,90.52,14,21.2,28.5,11.06,39.31
,,,,,,,,,,
Contra Costa,-121.95,37.92,306,2000,578.9,9.5,14.8,20.2,2.27,15.23
Contra Costa,-121.95,37.92,306,2001,581.89,9.5,15.2,21,2.86,17.81
Contra Costa,-121.95,37.92,306,2002,491.42,8.6,14.7,20.8,2.42,16.76
Contra Costa,-121.95,37.92,306,2003,396.09,8.9,14.7,20.5,2.37,16.13
Contra Costa,-121.95,37.92,306,2004,443.83,8.9,14.7,20.5,2.2,15.75
Contra Costa,-121.95,37.92,306,2005,650.77,8.9,14.6,20.3,2.13,15.32
Contra Costa,-121.95,37.92,306,2006,590.53,8.6,14.5,20.4,2.51,16.43
Contra Costa,-121.95,37.92,306,2007,318.29,7.9,14.2,20.6,2.48,16.95
Contra Costa,-121.95,37.92,306,2008,397.84,8.1,14.5,20.8,2.91,18.42
Contra Costa,-121.95,37.92,306,2009,502.33,8.4,14.2,20,2.61,16.22
Contra Costa,-121.95,37.92,306,2010,630.35,8.3,13.7,19,2.07,13.73
Contra Costa,-121.95,37.92,306,2011,461.59,8,13.5,19,2.5,14.55
Contra Costa,-121.95,37.92,306,2012,616.9,8.4,14.3,20.3,2.37,16.48
Contra Costa,-121.95,37.92,306,2013,133.31,8.4,14.7,20.9,2.79,17.52
Contra Costa,-121.95,37.92,306,2014,541.17,10.2,15.9,21.5,2.75,17.62
Contra Costa,-121.95,37.92,306,2015,264.42,10.1,15.6,21.1,2.71,17.18
Contra Costa,-121.95,37.92,306,2016,640.32,9.6,15.1,20.6,2.53,16.03
Contra Costa,-121.95,37.92,306,2017,808.82,9.5,15.2,20.8,2.87,16.97
Contra Costa,-121.95,37.92,306,2018,464.61,9.2,14.9,20.7,2.74,16.9
Contra Costa,-121.95,37.92,306,2019,646.51,9.5,14.8,20.2,2.64,15.91
Contra Costa,-121.95,37.92,306,2020,192.48,9.8,15.8,21.8,3.37,19.4
Contra Costa,-121.95,37.92,306,2021,510.01,9,15.2,21.3,2.94,18.44
Contra Costa,-121.95,37.92,306,2022,328.09,8.9,15.1,21.4,2.95,18.66
Contra Costa,-121.95,37.92,306,2023,739.65,9.4,14.6,19.7,2.68,14.96
Contra Costa,-121.95,37.92,306,2024,570.33,10.8,16,21.2,3.82,17.79
,,,,,,,,,,
Alpine,-119.8,38.62,2358,2000,991.16,-0.7,5.9,12.4,2.81,12.44
Alpine,-119.8,38.62,2358,2001,1004.31,-0.4,6.4,13.2,3.35,13.99
Alpine,-119.8,38.62,2358,2002,889.84,-0.6,6.2,13.1,3.4,13.64
Alpine,-119.8,38.62,2358,2003,953.95,-0.1,6.5,13.2,2.68,13.33
Alpine,-119.8,38.62,2358,2004,850.43,-0.5,6.1,12.8,2.94,13.3
Alpine,-119.8,38.62,2358,2005,1349.83,-0.3,6.1,12.5,2.65,12.49
Alpine,-119.8,38.62,2358,2006,1123.31,-0.5,6.1,12.6,2.82,13.34
Alpine,-119.8,38.62,2358,2007,611.48,0,6.6,13.3,2.92,13.81
Alpine,-119.8,38.62,2358,2008,913.72,-0.2,6.3,12.9,3.09,13.82
Alpine,-119.8,38.62,2358,2009,981.47,-0.1,6.2,12.6,3.2,13
Alpine,-119.8,38.62,2358,2010,1478.84,-0.6,5.4,11.5,2.41,11.48
Alpine,-119.8,38.62,2358,2011,970.21,-1,5.3,11.7,2.68,11.93
Alpine,-119.8,38.62,2358,2012,1085.35,0.5,6.8,13.2,3.23,13.67
Alpine,-119.8,38.62,2358,2013,431.25,-0.2,6.5,13.2,3.02,13.43
Alpine,-119.8,38.62,2358,2014,865.31,1.2,7.5,13.8,3.27,13.46
Alpine,-119.8,38.62,2358,2015,865.42,0.9,7.2,13.4,3.28,13.07
Alpine,-119.8,38.62,2358,2016,1135.87,0.7,6.9,13.2,3.5,13.23
Alpine,-119.8,38.62,2358,2017,1801.48,0.4,6.6,12.8,3.13,12.62
Alpine,-119.8,38.62,2358,2018,898.92,0.7,7,13.3,3.74,13.51
Alpine,-119.8,38.62,2358,2019,1321.26,-0.6,5.6,11.7,2.78,11.5
Alpine,-119.8,38.62,2358,2020,584.62,0.4,7,13.7,3.54,14.2
Alpine,-119.8,38.62,2358,2021,1072.1,0.9,7.1,13.4,2.7,13.27
Alpine,-119.8,38.62,2358,2022,766.31,0.2,6.7,13.2,2.64,13.23
Alpine,-119.8,38.62,2358,2023,1411.27,-1.2,5.1,11.4,1.69,10.98
Alpine,-119.8,38.62,2358,2024,993,0.1,6.5,12.8,2.48,12.8
,,,,,,,,,,
El Dorado,-120.53,38.79,1213,2000,1442.93,7.1,13.3,19.4,3.75,17.61
El Dorado,-120.53,38.79,1213,2001,1113.93,7.5,14,20.5,4.73,20.64
El Dorado,-120.53,38.79,1213,2002,1090.27,7.4,14,20.7,4.49,20.43
El Dorado,-120.53,38.79,1213,2003,1143.49,7.5,13.9,20.3,4.02,19.25
El Dorado,-120.53,38.79,1213,2004,968.85,7.1,13.8,20.4,4.22,20.09
El Dorado,-120.53,38.79,1213,2005,1767.83,7,13.3,19.7,3.33,18.03
El Dorado,-120.53,38.79,1213,2006,1540.12,7,13.3,19.6,4.11,19.49
El Dorado,-120.53,38.79,1213,2007,831.12,7.5,13.8,20.2,4.6,20.66
El Dorado,-120.53,38.79,1213,2008,904.78,7.5,13.8,20.2,5.34,21.49
El Dorado,-120.53,38.79,1213,2009,1117.44,7.4,13.7,20,4.52,20.25
El Dorado,-120.53,38.79,1213,2010,1758.67,6.8,12.7,18.5,3.5,17.07
El Dorado,-120.53,38.79,1213,2011,1205.49,6.5,12.5,18.5,3.53,17.17
El Dorado,-120.53,38.79,1213,2012,1515.5,7.4,13.6,19.8,4.61,19.49
El Dorado,-120.53,38.79,1213,2013,472.65,7.6,13.8,20,4.9,19.36
El Dorado,-120.53,38.79,1213,2014,1158.02,8.8,14.8,20.7,5.04,19.86
El Dorado,-120.53,38.79,1213,2015,875.87,8.6,14.5,20.4,4.93,19.24
El Dorado,-120.53,38.79,1213,2016,1699.17,8,13.9,19.7,4.7,18.86
El Dorado,-120.53,38.79,1213,2017,2208.84,8.3,14,19.7,5.02,18.9
El Dorado,-120.53,38.79,1213,2018,1094.17,8.3,14.3,20.3,4.97,19.62
El Dorado,-120.53,38.79,1213,2019,1790.8,7.7,13.3,18.8,3.92,16.74
El Dorado,-120.53,38.79,1213,2020,803.26,8.9,14.9,20.8,5.49,20.71
El Dorado,-120.53,38.79,1213,2021,1350.66,9.1,14.7,20.3,5.17,20.51
El Dorado,-120.53,38.79,1213,2022,1113.77,8.7,14.4,20.1,5.69,19.96
El Dorado,-120.53,38.79,1213,2023,1572.32,7.7,12.7,17.7,3.85,15.14
El Dorado,-120.53,38.79,1213,2024,1217.73,8.6,13.7,18.8,4.98,16.64
,,,,,,,,,,
Yolo,-121.9,38.68,39,2000,536.87,9.2,16.4,23.6,1.43,20.23
Yolo,-121.9,38.68,39,2001,637,9.6,17.1,24.5,1.87,23
Yolo,-121.9,38.68,39,2002,474.96,8.8,16.5,24.3,1.57,21.92
Yolo,-121.9,38.68,39,2003,478.43,9.5,16.8,24.2,1.42,21.43
Yolo,-121.9,38.68,39,2004,502.33,9.6,16.9,24.2,1.49,21.42
Yolo,-121.9,38.68,39,2005,652.32,9.7,16.9,24.1,1.82,22.27
Yolo,-121.9,38.68,39,2006,494.59,9.7,16.9,24.1,2.18,23.24
Yolo,-121.9,38.68,39,2007,287.94,9.4,17.1,24.8,2.39,24.59
Yolo,-121.9,38.68,39,2008,428.22,9.4,17,24.6,2.95,24.96
Yolo,-121.9,38.68,39,2009,438.39,9.6,17.2,24.7,2.5,24.84
Yolo,-121.9,38.68,39,2010,659.19,9.7,16.5,23.3,1.96,21.15
Yolo,-121.9,38.68,39,2011,452.21,8.8,16,23.2,1.82,21.26
Yolo,-121.9,38.68,39,2012,590.98,9.5,17,24.6,2.38,24.55
Yolo,-121.9,38.68,39,2013,129.65,8.9,17,25.1,2.63,25.38
Yolo,-121.9,38.68,39,2014,503.72,10.8,18.4,26,2.74,26.57
Yolo,-121.9,38.68,39,2015,202.52,10.3,18,25.7,2.8,26.09
Yolo,-121.9,38.68,39,2016,529.4,10.3,17.6,24.9,2.49,24.26
Yolo,-121.9,38.68,39,2017,756.05,10.2,17.5,24.7,2.59,23.84
Yolo,-121.9,38.68,39,2018,439.83,9.2,17,24.8,2.04,23.84
Yolo,-121.9,38.68,39,2019,771.76,9.8,17,24.2,1.96,22.7
Yolo,-121.9,38.68,39,2020,155.17,9.8,17.7,25.6,2.58,26.31
Yolo,-121.9,38.68,39,2021,484.55,9.6,17.4,25.3,2.47,26.16
Yolo,-121.9,38.68,39,2022,286.95,9.6,17.6,25.7,2.67,27.46
Yolo,-121.9,38.68,39,2023,692.74,9.5,16.6,23.7,1.91,21.85
Yolo,-121.9,38.68,39,2024,607.27,10.5,17.7,24.8,2.72,24.32
,,,,,,,,,,
Yuba,-121.34,39.27,161,2000,865.7,10.3,16.4,22.6,2.68,19.13
Yuba,-121.34,39.27,161,2001,767.11,10.6,17,23.4,3.22,21.27
Yuba,-121.34,39.27,161,2002,651.35,9.8,16.5,23.3,2.92,20.57
Yuba,-121.34,39.27,161,2003,697.48,10.6,16.9,23.1,2.7,19.74
Yuba,-121.34,39.27,161,2004,620.29,10.6,16.9,23.2,2.96,20.17
Yuba,-121.34,39.27,161,2005,854.57,10.6,16.7,22.8,2.45,19.15
Yuba,-121.34,39.27,161,2006,787.41,10.4,16.6,22.9,3.03,20.44
Yuba,-121.34,39.27,161,2007,526.96,9.7,16.5,23.3,2.94,21.31
Yuba,-121.34,39.27,161,2008,511.29,10,16.7,23.4,3.8,22.4
Yuba,-121.34,39.27,161,2009,560.89,9.7,16.4,23.1,2.95,21.13
Yuba,-121.34,39.27,161,2010,1020.69,10.1,16.1,22.1,2.41,18.47
Yuba,-121.34,39.27,161,2011,666.24,9.3,15.7,22,2.27,18.51
Yuba,-121.34,39.27,161,2012,1022.63,10.2,16.7,23.2,3.17,21.2
Yuba,-121.34,39.27,161,2013,219.7,9.6,16.7,23.9,3.07,22.55
Yuba,-121.34,39.27,161,2014,798.51,11.5,18.1,24.7,3.4,22.9
Yuba,-121.34,39.27,161,2015,389.93,11,17.7,24.4,3.38,22.34
Yuba,-121.34,39.27,161,2016,941.3,11,17.3,23.6,2.96,20.7
Yuba,-121.34,39.27,161,2017,1051.29,11.4,17.6,23.7,3.23,21.24
Yuba,-121.34,39.27,161,2018,737.53,10.3,17.1,23.8,3.14,21.75
Yuba,-121.34,39.27,161,2019,1013.01,10.5,16.8,23.1,3.03,20.93
Yuba,-121.34,39.27,161,2020,337.98,10.8,17.6,24.4,3.94,23.84
Yuba,-121.34,39.27,161,2021,758.36,10.7,17.4,24.1,4.03,24.5
Yuba,-121.34,39.27,161,2022,516.71,10.8,17.7,24.6,4.52,25.58
Yuba,-121.34,39.27,161,2023,813.38,10.6,16.8,22.9,3.49,20.98
Yuba,-121.34,39.27,161,2024,943.56,11.6,17.7,23.8,4.16,23.15
,,,,,,,,,,
San Benito,-121.09,36.61,924,2000,512.82,8.7,14.9,21,3.78,18.74
San Benito,-121.09,36.61,924,2001,597.43,8.9,15.2,21.6,4.76,21.04
San Benito,-121.09,36.61,924,2002,393.06,8.9,15.3,21.6,4.83,21.04
San Benito,-121.09,36.61,924,2003,366.93,9.4,15.6,21.9,4.75,21.18
San Benito,-121.09,36.61,924,2004,461.03,8.9,15.3,21.6,4.48,20.46
San Benito,-121.09,36.61,924,2005,483.69,9.1,15.3,21.4,4.07,19.65
San Benito,-121.09,36.61,924,2006,564.07,8.8,14.8,20.9,4.75,19.81
San Benito,-121.09,36.61,924,2007,231.19,8.6,14.9,21.2,4.76,20.8
San Benito,-121.09,36.61,924,2008,411.88,9,15.2,21.5,5.77,22.15
San Benito,-121.09,36.61,924,2009,363.58,9.2,15.2,21.2,5.28,21.37
San Benito,-121.09,36.61,924,2010,618.77,8.5,14.2,19.9,4.02,18.24
San Benito,-121.09,36.61,924,2011,372.42,8.5,14.4,20.3,4.48,19.15
San Benito,-121.09,36.61,924,2012,421.59,9.5,15.6,21.8,5.54,22.25
San Benito,-121.09,36.61,924,2013,81.03,9.6,16,22.3,5.83,22.91
San Benito,-121.09,36.61,924,2014,342.75,11,16.9,22.9,6.15,23.59
San Benito,-121.09,36.61,924,2015,264.67,10.4,16.3,22.2,5.4,21.68
San Benito,-121.09,36.61,924,2016,439.16,10,15.9,21.7,5.29,21.46
San Benito,-121.09,36.61,924,2017,466.5,10.3,16.1,21.9,5.68,21.77
San Benito,-121.09,36.61,924,2018,371.5,10.1,16,22,5.83,21.94
San Benito,-121.09,36.61,924,2019,547.23,9.7,15.1,20.4,4.85,19.29
San Benito,-121.09,36.61,924,2020,200.86,11,16.6,22.1,6.5,22.18
San Benito,-121.09,36.61,924,2021,451.79,10.5,16.1,21.8,6.04,21.37
San Benito,-121.09,36.61,924,2022,269.98,10.5,16.2,21.8,6.7,21.8
San Benito,-121.09,36.61,924,2023,635.85,9.3,14.2,19.1,4.6,16.67
San Benito,-121.09,36.61,924,2024,491.86,10.8,15.2,19.6,6.19,17.77
,,,,,,,,,,
Humboldt,-123.93,40.71,698,2000,1522.79,6.6,11.8,17,1.12,8.51
Humboldt,-123.93,40.71,698,2001,1531.11,6.8,11.9,17,1.47,10
Humboldt,-123.93,40.71,698,2002,1698.4,6.8,12.2,17.7,2.03,10.35
Humboldt,-123.93,40.71,698,2003,1885.19,7.3,12.3,17.3,1.87,10.32
Humboldt,-123.93,40.71,698,2004,1479.37,7.3,12.5,17.8,1.46,10.14
Humboldt,-123.93,40.71,698,2005,2067.42,7.2,12.3,17.3,1.71,10.01
Humboldt,-123.93,40.71,698,2006,2066.09,7.3,12.1,16.8,2.25,10.35
Humboldt,-123.93,40.71,698,2007,1416.48,6.5,11.7,17,1.17,9.38
Humboldt,-123.93,40.71,698,2008,1327.18,6.6,11.9,17.3,2.11,10.5
Humboldt,-123.93,40.71,698,2009,1330.99,6.8,12,17.2,2.01,10.02
Humboldt,-123.93,40.71,698,2010,2422.66,6.7,11.1,15.6,1.32,7.83
Humboldt,-123.93,40.71,698,2011,1665.66,6.3,11.1,16,1.52,8.25
Humboldt,-123.93,40.71,698,2012,2545.14,6.7,11.6,16.6,1.81,9.42
Humboldt,-123.93,40.71,698,2013,769.31,7.2,12.4,17.6,2.15,10.29
Humboldt,-123.93,40.71,698,2014,1599.74,8.8,13.6,18.5,2.42,10.48
Humboldt,-123.93,40.71,698,2015,1256.16,8.7,13.7,18.6,2.43,11
Humboldt,-123.93,40.71,698,2016,1896.49,7.9,12.6,17.3,1.92,9.36
Humboldt,-123.93,40.71,698,2017,1863.37,8,12.5,17,2.52,10.15
Humboldt,-123.93,40.71,698,2018,1331.04,7.8,12.6,17.3,2.53,10.3
Humboldt,-123.93,40.71,698,2019,1670.45,7.6,12,16.4,1.91,9.34
Humboldt,-123.93,40.71,698,2020,1210.15,8.8,13.3,17.8,2.82,12.3
Humboldt,-123.93,40.71,698,2021,1267.33,8.2,12.5,16.8,2.52,11.91
Humboldt,-123.93,40.71,698,2022,1202.56,8.3,12.5,16.8,2.58,11.37
Humboldt,-123.93,40.71,698,2023,1674.91,7.9,11.9,15.9,2.28,10.41
Humboldt,-123.93,40.71,698,2024,2225.27,8.3,12.2,16.2,2.42,10.67
,,,,,,,,,,
Riverside,-116,33.73,881,2000,87.08,10.7,18.2,25.7,6.53,28.99
Riverside,-116,33.73,881,2001,120.32,10.6,18.1,25.5,6.33,29.48
Riverside,-116,33.73,881,2002,24.18,10.1,17.9,25.8,6.95,30.11
Riverside,-116,33.73,881,2003,169.25,11.4,18.5,25.7,6.09,28.05
Riverside,-116,33.73,881,2004,208.13,10.7,17.9,25.1,6.06,28.04
Riverside,-116,33.73,881,2005,303.77,10.5,17.8,25,4.96,27.15
Riverside,-116,33.73,881,2006,63.48,10.8,18.2,25.5,6.41,28.96
Riverside,-116,33.73,881,2007,64.09,10.9,18.3,25.7,7.07,30.01
Riverside,-116,33.73,881,2008,165,10.7,18.1,25.5,6.42,29.63
Riverside,-116,33.73,881,2009,73.77,10.7,18,25.4,6.95,29.89
Riverside,-116,33.73,881,2010,290.67,10.3,17.5,24.6,5.76,27.27
Riverside,-116,33.73,881,2011,108.95,9.9,17.2,24.6,5.7,27.83
Riverside,-116,33.73,881,2012,104.55,11.4,18.8,26.2,6.6,30.42
Riverside,-116,33.73,881,2013,83.41,11,18.2,25.4,7.09,30.06
Riverside,-116,33.73,881,2014,83.83,12.4,19.5,26.5,7.41,30.99
Riverside,-116,33.73,881,2015,108.63,11.9,18.8,25.8,6.75,29.56
Riverside,-116,33.73,881,2016,161.7,11.8,18.9,26.1,7.25,30.41
Riverside,-116,33.73,881,2017,188.21,11.9,19.2,26.4,6.84,30.65
Riverside,-116,33.73,881,2018,118.2,11.9,18.9,26,7.08,30.04
Riverside,-116,33.73,881,2019,269.54,10.5,17.4,24.3,5.9,27.53
Riverside,-116,33.73,881,2020,117.32,12,19.2,26.4,8.16,32.51
Riverside,-116,33.73,881,2021,86.01,12.9,19.5,26.2,9.24,31.34
Riverside,-116,33.73,881,2022,99.14,12.8,19.3,25.7,8.61,30.01
Riverside,-116,33.73,881,2023,180.09,11.8,18.3,24.8,7.84,28.92
Riverside,-116,33.73,881,2024,75.15,13,19.7,26.4,9.15,31.85
,,,,,,,,,,
Kern,-118.73,35.35,306,2000,181.53,10.5,17.8,25.2,3.18,24.29
Kern,-118.73,35.35,306,2001,259.86,11.1,18.4,25.7,3.75,25.96
Kern,-118.73,35.35,306,2002,135.17,10.4,17.9,25.4,4.21,26.33
Kern,-118.73,35.35,306,2003,236.53,11,18.2,25.5,4.01,25.79
Kern,-118.73,35.35,306,2004,224.64,10.7,17.8,24.9,4.26,25.36
Kern,-118.73,35.35,306,2005,313.21,10.9,17.8,24.7,3.56,24.14
Kern,-118.73,35.35,306,2006,213.19,10.4,17.7,25,4.04,25.48
Kern,-118.73,35.35,306,2007,118.91,10.3,17.6,25,4.41,25.81
Kern,-118.73,35.35,306,2008,188.36,10.6,17.8,25.1,4.82,26.81
Kern,-118.73,35.35,306,2009,148.34,10.5,17.7,24.9,4.75,25.95
Kern,-118.73,35.35,306,2010,462.2,10.3,17.2,24.2,3.4,23.4
Kern,-118.73,35.35,306,2011,210.91,9.7,17,24.2,3.32,24.02
Kern,-118.73,35.35,306,2012,178.37,10.7,18.4,26.1,4.66,28.36
Kern,-118.73,35.35,306,2013,92.93,10.3,18,25.8,4.72,27.5
Kern,-118.73,35.35,306,2014,190.32,12,19.7,27.3,5.7,29.33
Kern,-118.73,35.35,306,2015,194.72,11.6,19,26.4,4.74,27.94
Kern,-118.73,35.35,306,2016,285.71,11.3,19.1,26.9,4.52,28.58
Kern,-118.73,35.35,306,2017,297.59,11.6,18.8,26.1,5.03,27.49
Kern,-118.73,35.35,306,2018,200.65,11.4,18.6,25.8,5.27,27.09
Kern,-118.73,35.35,306,2019,366.67,10.8,18,25.2,4.38,25.76
Kern,-118.73,35.35,306,2020,169.44,11.6,18.6,25.7,5.66,26.99
Kern,-118.73,35.35,306,2021,171.86,12.6,19.4,26.2,7.08,29.29
Kern,-118.73,35.35,306,2022,125.98,13.8,20,26.2,8.81,28.9
Kern,-118.73,35.35,306,2023,379.34,12.8,18.4,24,5.92,23.3
Kern,-118.73,35.35,306,2024,220.47,13.5,19.5,25.4,6.49,26.79
,,,,,,,,,,
Colusa,-122.24,39.18,41,2000,427.23,8.9,16.2,23.4,1.2,20.17
Colusa,-122.24,39.18,41,2001,559.01,9.4,16.8,24.2,1.63,22.48
Colusa,-122.24,39.18,41,2002,348.77,8.8,16.5,24.1,1.7,21.97
Colusa,-122.24,39.18,41,2003,485.93,9.5,16.6,23.8,1.5,21.45
Colusa,-122.24,39.18,41,2004,455.21,9.5,16.7,24,1.6,21.76
Colusa,-122.24,39.18,41,2005,542.56,9.4,16.6,23.8,1.53,21.74
Colusa,-122.24,39.18,41,2006,465.25,9.3,16.5,23.7,1.74,22.75
Colusa,-122.24,39.18,41,2007,246.58,8.7,16.6,24.5,1.92,24.11
Colusa,-122.24,39.18,41,2008,355.61,8.7,16.5,24.2,2.33,24.27
Colusa,-122.24,39.18,41,2009,288.64,8.8,16.5,24.2,1.86,23.8
Colusa,-122.24,39.18,41,2010,573.96,9.2,16.1,22.9,1.61,20.3
Colusa,-122.24,39.18,41,2011,389.25,8.6,15.8,22.9,1.64,20.62
Colusa,-122.24,39.18,41,2012,537.75,9.1,16.8,24.4,2.18,23.93
Colusa,-122.24,39.18,41,2013,163.34,8.5,16.7,24.8,2.21,24.45
Colusa,-122.24,39.18,41,2014,472.03,10.3,18,25.8,2.09,25.72
Colusa,-122.24,39.18,41,2015,213.76,9.9,17.7,25.5,2.31,25.27
Colusa,-122.24,39.18,41,2016,416.36,10,17.2,24.5,1.8,22.87
Colusa,-122.24,39.18,41,2017,493.05,10,17.3,24.6,2.44,23.55
Colusa,-122.24,39.18,41,2018,311.33,9.1,16.8,24.5,1.73,22.03
Colusa,-122.24,39.18,41,2019,576.6,9.5,16.6,23.7,1.48,20.68
Colusa,-122.24,39.18,41,2020,111.67,9.5,17.4,25.4,2.1,24.86
Colusa,-122.24,39.18,41,2021,353.18,9.5,17.2,24.9,2.23,24.54
Colusa,-122.24,39.18,41,2022,229.54,8.7,17.3,25.9,2.62,28.52
Colusa,-122.24,39.18,41,2023,540.17,9.5,16.4,23.3,1.41,19.38
Colusa,-122.24,39.18,41,2024,610.56,10.6,17.4,24.2,2.33,22.33
,,,,,,,,,,
Del Norte,-124,41.76,338,2000,2159.31,6.5,12.5,18.5,0.56,11.41
Del Norte,-124,41.76,338,2001,1815.78,6.1,12.4,18.6,0.52,12.15
Del Norte,-124,41.76,338,2002,2161.78,6.3,12.9,19.5,0.91,14.01
Del Norte,-124,41.76,338,2003,2444.69,6.8,13,19.1,1,13.6
Del Norte,-124,41.76,338,2004,2042.41,6.9,13.2,19.4,0.65,12.89
Del Norte,-124,41.76,338,2005,2523.26,6.8,13,19.2,0.68,12.89
Del Norte,-124,41.76,338,2006,2879.59,6.6,12.7,18.9,0.87,13.55
Del Norte,-124,41.76,338,2007,1990.04,6,12,18.1,0.56,11.95
Del Norte,-124,41.76,338,2008,2152.85,5.7,12,18.3,0.96,13.56
Del Norte,-124,41.76,338,2009,1740.87,6.2,12.7,19.1,0.85,14.12
Del Norte,-124,41.76,338,2010,3234.41,6.4,12.2,17.9,0.54,11.35
Del Norte,-124,41.76,338,2011,2217.95,5.9,11.9,18,0.65,12.01
Del Norte,-124,41.76,338,2012,3338.71,6.1,12.1,18.1,0.52,11.69
Del Norte,-124,41.76,338,2013,1276.13,6.1,12.5,18.9,0.82,13.02
Del Norte,-124,41.76,338,2014,2475.06,8,14.2,20.4,0.97,13.99
Del Norte,-124,41.76,338,2015,2247.12,7.6,13.9,20.3,1.05,14.94
Del Norte,-124,41.76,338,2016,3189.23,7.1,13.2,19.4,0.74,13.97
Del Norte,-124,41.76,338,2017,2975.88,6.9,12.8,18.7,1.09,13.36
Del Norte,-124,41.76,338,2018,1958.83,6.7,13,19.2,0.98,13.86
Del Norte,-124,41.76,338,2019,2503.33,6.7,12.7,18.7,0.87,13.12
Del Norte,-124,41.76,338,2020,1931.48,6.9,13,19.2,1.06,14.02
Del Norte,-124,41.76,338,2021,2321.06,6.4,12.7,19,0.77,13.82
Del Norte,-124,41.76,338,2022,1672.39,6.3,12.4,18.5,0.91,13.51
Del Norte,-124,41.76,338,2023,2270.45,7.3,12.7,18.1,0.99,13.15
Del Norte,-124,41.76,338,2024,3303.05,7.6,12.7,17.9,1.07,12.59
,,,,,,,,,,
Modoc,-120.72,41.59,1532,2000,295.25,1.6,8.6,15.6,1.92,15.77
Modoc,-120.72,41.59,1532,2001,233.7,1.4,8.7,16.1,2.02,16.33
Modoc,-120.72,41.59,1532,2002,197.33,1.3,8.8,16.2,2.08,16.75
Modoc,-120.72,41.59,1532,2003,360.02,2.3,9.1,15.9,1.78,15.8
Modoc,-120.72,41.59,1532,2004,335.08,1.8,8.8,15.8,1.56,15.14
Modoc,-120.72,41.59,1532,2005,431.57,1.6,8.5,15.5,1.37,14.19
Modoc,-120.72,41.59,1532,2006,302.29,1.6,8.5,15.5,1.63,15.21
Modoc,-120.72,41.59,1532,2007,245.9,0.9,8.4,15.9,1.47,15.51
Modoc,-120.72,41.59,1532,2008,216.08,0.7,8,15.3,2.18,16.09
Modoc,-120.72,41.59,1532,2009,235.22,1.4,8.5,15.6,2.21,16.3
Modoc,-120.72,41.59,1532,2010,353.11,1.6,8.2,14.7,1.87,14.5
Modoc,-120.72,41.59,1532,2011,282.4,0.8,7.7,14.6,1.81,14.62
Modoc,-120.72,41.59,1532,2012,316.24,1.8,8.9,16.1,2.41,17.05
Modoc,-120.72,41.59,1532,2013,176.85,0.9,8.4,15.9,2.18,16.37
Modoc,-120.72,41.59,1532,2014,335.04,3.1,10.2,17.3,2.55,17.64
Modoc,-120.72,41.59,1532,2015,340.05,2.8,10.1,17.3,2.31,17.34
Modoc,-120.72,41.59,1532,2016,370.49,2.5,9.3,16,2.21,15.79
Modoc,-120.72,41.59,1532,2017,389.1,2.4,9.2,15.9,2.31,16.35
Modoc,-120.72,41.59,1532,2018,332.82,1.9,9.1,16.2,2.23,16.33
Modoc,-120.72,41.59,1532,2019,387.18,1.8,8.3,14.9,1.82,14.75
Modoc,-120.72,41.59,1532,2020,218.46,2.1,9.5,16.9,2.4,17.77
Modoc,-120.72,41.59,1532,2021,282.38,2.4,9.6,16.8,2.61,18.24
Modoc,-120.72,41.59,1532,2022,269.65,1.4,8.9,16.5,2.35,17.7
Modoc,-120.72,41.59,1532,2023,351.94,1.9,8.5,15.2,1.84,14.96
Modoc,-120.72,41.59,1532,2024,385.61,3.2,9.6,16.1,2.6,16.63
,,,,,,,,,,
Fresno,-119.66,36.76,104,2000,412.72,10.5,17.5,24.5,2.43,22.66
Fresno,-119.66,36.76,104,2001,336.4,10.7,18,25.2,3.16,25.31
Fresno,-119.66,36.76,104,2002,213.93,10.2,17.6,25,2.93,24.62
Fresno,-119.66,36.76,104,2003,262.96,10.8,18,25.2,3.04,24.87
Fresno,-119.66,36.76,104,2004,275.75,10.6,17.6,24.7,3.27,25.12
Fresno,-119.66,36.76,104,2005,358.07,10.8,17.7,24.5,3.01,23.64
Fresno,-119.66,36.76,104,2006,395.85,10.3,17.5,24.7,3.09,24.92
Fresno,-119.66,36.76,104,2007,178.24,10,17.5,25.1,3.43,26.39
Fresno,-119.66,36.76,104,2008,191.22,10.3,17.7,25.1,4.07,27.14
Fresno,-119.66,36.76,104,2009,224.1,10.4,17.7,25,3.97,26.31
Fresno,-119.66,36.76,104,2010,500.92,10.4,17.2,24.1,2.95,23.83
Fresno,-119.66,36.76,104,2011,270.94,9.9,17,24,2.91,23.76
Fresno,-119.66,36.76,104,2012,250.77,10.9,18.4,25.9,4.04,27.55
Fresno,-119.66,36.76,104,2013,82.26,10.4,18.3,26.1,4.3,28.12
Fresno,-119.66,36.76,104,2014,208.76,12.1,19.6,27.1,4.93,29.71
Fresno,-119.66,36.76,104,2015,228.32,11.4,18.7,25.9,4.17,27.14
Fresno,-119.66,36.76,104,2016,413.09,11.1,18.5,25.9,3.61,27.25
Fresno,-119.66,36.76,104,2017,339.94,11.4,18.5,25.7,3.96,26.78
Fresno,-119.66,36.76,104,2018,228.74,11.5,18.8,26.2,4.39,28.16
Fresno,-119.66,36.76,104,2019,367.36,11.4,18.4,25.4,4.1,26.28
Fresno,-119.66,36.76,104,2020,182.14,11.6,18.8,26.1,4.72,27.82
Fresno,-119.66,36.76,104,2021,278.59,11.8,19,26.3,4.09,29.24
Fresno,-119.66,36.76,104,2022,181.68,11.8,18.9,26.1,4.99,29.15
Fresno,-119.66,36.76,104,2023,407.83,11.6,18.2,24.8,3.69,24.64
Fresno,-119.66,36.76,104,2024,305.59,12.2,19.1,25.9,3.96,27.38
,,,,,,,,,,
Madera,-119.75,37.21,511,2000,680.52,7.9,15.9,23.8,2.32,22.36
Madera,-119.75,37.21,511,2001,641.38,8.6,16.5,24.4,3.54,25.1
Madera,-119.75,37.21,511,2002,425.52,8.2,16.2,24.2,3.41,24.86
Madera,-119.75,37.21,511,2003,398.7,8.6,16.5,24.4,2.98,24.6
Madera,-119.75,37.21,511,2004,449.09,8.3,16.2,24,3.32,24.72
Madera,-119.75,37.21,511,2005,668.59,8.2,15.9,23.6,2.48,22.31
Madera,-119.75,37.21,511,2006,668.6,8.2,15.9,23.7,2.76,23.1
Madera,-119.75,37.21,511,2007,325.87,8.2,16.1,24,3.51,24.57
Madera,-119.75,37.21,511,2008,483.65,8.4,16.2,24,3.91,25.37
Madera,-119.75,37.21,511,2009,536.93,8.4,16,23.6,3.65,24.29
Madera,-119.75,37.21,511,2010,892.13,7.9,15.2,22.5,2.39,21.14
Madera,-119.75,37.21,511,2011,576.95,7.4,15,22.6,2.28,21.37
Madera,-119.75,37.21,511,2012,565.12,8.7,16.4,24.1,3.87,24.83
Madera,-119.75,37.21,511,2013,149.46,8.3,16.5,24.6,4.2,25.88
Madera,-119.75,37.21,511,2014,347.34,9.7,17.6,25.5,4.55,27.02
Madera,-119.75,37.21,511,2015,345.23,9.4,16.9,24.4,3.88,24.88
Madera,-119.75,37.21,511,2016,670.89,9.2,16.7,24.2,3.59,24.4
Madera,-119.75,37.21,511,2017,726.27,9.5,16.8,24,3.75,23.83
Madera,-119.75,37.21,511,2018,528.26,9.4,16.9,24.3,3.92,24.61
Madera,-119.75,37.21,511,2019,719.46,8.8,16,23.2,3.19,22.47
Madera,-119.75,37.21,511,2020,301.09,9.8,17.1,24.4,4.33,24.97
Madera,-119.75,37.21,511,2021,514.73,10.3,17.3,24.4,4.81,25.72
Madera,-119.75,37.21,511,2022,373.22,10.5,17.4,24.4,5.07,25.95
Madera,-119.75,37.21,511,2023,758.37,10.2,16.2,22.2,3.86,20.31
Madera,-119.75,37.21,511,2024,560.96,11.6,17.5,23.4,5.36,22.42
,,,,,,,,,,
Santa Clara,-121.69,37.22,213,2000,462.85,8.9,14.9,20.9,1.45,15.29
Santa Clara,-121.69,37.22,213,2001,506.62,8.9,15.3,21.7,1.58,17.21
Santa Clara,-121.69,37.22,213,2002,398.9,8.5,14.9,21.4,1.49,16.39
Santa Clara,-121.69,37.22,213,2003,368.42,9.3,15.5,21.6,1.81,16.78
Santa Clara,-121.69,37.22,213,2004,397.56,9,15.3,21.6,1.59,16.77
Santa Clara,-121.69,37.22,213,2005,548.5,9.3,15.4,21.5,1.43,15.86
Santa Clara,-121.69,37.22,213,2006,484.93,8.9,15.1,21.4,1.74,17.05
Santa Clara,-121.69,37.22,213,2007,243.98,8.4,14.9,21.4,1.85,17.51
Santa Clara,-121.69,37.22,213,2008,364.49,8.5,15.3,22.2,2.61,19.89
Santa Clara,-121.69,37.22,213,2009,488.06,8.8,15.4,22,2.36,18.96
Santa Clara,-121.69,37.22,213,2010,612.27,8.8,14.7,20.6,2.03,15.5
Santa Clara,-121.69,37.22,213,2011,410,8.4,14.4,20.5,2.1,15.35
Santa Clara,-121.69,37.22,213,2012,479.87,8.5,15,21.4,2.13,17.15
Santa Clara,-121.69,37.22,213,2013,90.4,8.4,15.2,21.9,2.14,18.04
Santa Clara,-121.69,37.22,213,2014,482.1,10.1,16.5,22.9,2.25,18.8
Santa Clara,-121.69,37.22,213,2015,288.38,9.7,16.1,22.4,1.99,17.91
Santa Clara,-121.69,37.22,213,2016,537.82,9.6,15.7,21.9,1.91,16.05
Santa Clara,-121.69,37.22,213,2017,659.42,9.7,16,22.3,2.35,18.19
Santa Clara,-121.69,37.22,213,2018,351.31,9.1,15.6,22.1,2.17,17.9
Santa Clara,-121.69,37.22,213,2019,644.9,9.6,15.6,21.7,1.94,16.95
Santa Clara,-121.69,37.22,213,2020,252.69,9.4,16.3,23.2,2.31,20.22
Santa Clara,-121.69,37.22,213,2021,501.34,8.7,15.6,22.4,1.78,18.98
Santa Clara,-121.69,37.22,213,2022,305.33,8.5,15.8,23.1,2.05,20.44
Santa Clara,-121.69,37.22,213,2023,685.7,8.7,15.1,21.5,1.34,16.76
Santa Clara,-121.69,37.22,213,2024,559.32,9.2,16,22.7,1.36,19.11
,,,,,,,,,,
Tehama,-122.23,40.13,102,2000,736.09,9.8,16.5,23.3,2.72,22.62
Tehama,-122.23,40.13,102,2001,774,10.3,17.2,24.2,3.39,25.02
Tehama,-122.23,40.13,102,2002,558.39,9.9,17.1,24.3,3.4,24.61
Tehama,-122.23,40.13,102,2003,758.12,10.3,17,23.8,2.97,23.74
Tehama,-122.23,40.13,102,2004,703.61,10.3,17.2,24.1,3.4,24.54
Tehama,-122.23,40.13,102,2005,809.42,10,16.8,23.7,2.84,23.68
Tehama,-122.23,40.13,102,2006,670.57,10,16.9,23.8,3.48,25.34
Tehama,-122.23,40.13,102,2007,379.67,9.5,17,24.5,3.55,26.25
Tehama,-122.23,40.13,102,2008,416.17,9.9,17.2,24.5,4.44,27.37
Tehama,-122.23,40.13,102,2009,524.21,10.1,17.2,24.4,3.88,26.41
Tehama,-122.23,40.13,102,2010,792.57,10.1,16.5,22.8,2.98,22.32
Tehama,-122.23,40.13,102,2011,459.49,9.3,16.3,23.3,3.01,23.64
Tehama,-122.23,40.13,102,2012,676.9,9.9,17.2,24.4,3.97,26.94
Tehama,-122.23,40.13,102,2013,162.99,9.9,17.6,25.4,4.52,28.31
Tehama,-122.23,40.13,102,2014,733.43,11.4,18.5,25.7,4.33,27.9
Tehama,-122.23,40.13,102,2015,303.72,11.1,18.5,25.8,3.86,27.8
Tehama,-122.23,40.13,102,2016,830.26,11.2,17.8,24.4,3.5,25.2
Tehama,-122.23,40.13,102,2017,610.95,11,17.9,24.9,3.81,26.67
Tehama,-122.23,40.13,102,2018,580.21,10.4,17.7,25.1,3.94,26.93
Tehama,-122.23,40.13,102,2019,956.14,10.6,17.3,24.1,3.7,24.92
Tehama,-122.23,40.13,102,2020,284.85,10.9,18.4,25.9,4.54,29.42
Tehama,-122.23,40.13,102,2021,541.19,11,18,25,4.38,27.9
Tehama,-122.23,40.13,102,2022,345.69,10.5,17.9,25.3,5.03,28.72
Tehama,-122.23,40.13,102,2023,780.41,10.6,17,23.4,3.53,23.21
Tehama,-122.23,40.13,102,2024,912.1,11.4,17.8,24.2,4.4,25.34
,,,,,,,,,,
San Joaquin,-121.27,37.93,7,2000,360.55,8.9,16.1,23.3,1.12,20.14
San Joaquin,-121.27,37.93,7,2001,281.09,9.1,16.6,24.1,1.66,22.85
San Joaquin,-121.27,37.93,7,2002,390.56,8.4,16,23.6,1.42,20.83
San Joaquin,-121.27,37.93,7,2003,408.74,9.1,16.4,23.6,1.4,21.03
San Joaquin,-121.27,37.93,7,2004,412.3,9.1,16.3,23.5,1.51,21.57
San Joaquin,-121.27,37.93,7,2005,494.79,9.5,16.7,23.8,1.91,22.42
San Joaquin,-121.27,37.93,7,2006,445.52,9,16.4,23.9,1.93,23.04
San Joaquin,-121.27,37.93,7,2007,233.63,8.8,16.6,24.4,2.41,24.22
San Joaquin,-121.27,37.93,7,2008,267.22,8.8,16.3,23.9,2.27,23.62
San Joaquin,-121.27,37.93,7,2009,307.48,8.7,16.2,23.6,1.88,22.26
San Joaquin,-121.27,37.93,7,2010,534.31,8.9,15.7,22.5,1.46,19.53
San Joaquin,-121.27,37.93,7,2011,298.4,8.1,15.2,22.3,1.47,19.53
San Joaquin,-121.27,37.93,7,2012,383.37,8.6,16.2,23.8,1.75,22.46
San Joaquin,-121.27,37.93,7,2013,132.76,8.3,16.2,24.1,2.04,23.12
San Joaquin,-121.27,37.93,7,2014,413.67,10.1,17.6,25.1,1.9,24
San Joaquin,-121.27,37.93,7,2015,193.19,9.7,17.3,25,1.96,24.25
San Joaquin,-121.27,37.93,7,2016,514.67,9.6,17.1,24.6,1.56,23.09
San Joaquin,-121.27,37.93,7,2017,506.35,9.6,17.3,24.9,2.6,24.03
San Joaquin,-121.27,37.93,7,2018,380.03,9.2,17,24.9,1.76,24.06
San Joaquin,-121.27,37.93,7,2019,459.25,9.8,17.1,24.4,2.05,23.39
San Joaquin,-121.27,37.93,7,2020,153.39,9.7,17.7,25.7,2.24,26.28
San Joaquin,-121.27,37.93,7,2021,396.83,9,16.6,24.1,1.7,22.63
San Joaquin,-121.27,37.93,7,2022,247.98,9,16.9,24.9,2.06,25.05
San Joaquin,-121.27,37.93,7,2023,528.75,9.5,16.4,23.3,1.59,21.07
San Joaquin,-121.27,37.93,7,2024,443.67,10.8,17.8,24.7,2.55,23.73
,,,,,,,,,,
Alameda,-121.91,37.65,179,2000,625.21,9.1,15.2,21.3,1.68,16.58
Alameda,-121.91,37.65,179,2001,603.05,9.1,15.6,22,1.74,18.3
Alameda,-121.91,37.65,179,2002,545.3,8.5,15.2,21.9,1.74,18.13
Alameda,-121.91,37.65,179,2003,506.63,9,15.4,21.9,1.55,17.45
Alameda,-121.91,37.65,179,2004,502.94,8.8,15.2,21.6,1.36,16.88
Alameda,-121.91,37.65,179,2005,724.57,8.9,15.1,21.4,1.22,16.26
Alameda,-121.91,37.65,179,2006,675.27,8.5,15,21.5,1.5,17.48
Alameda,-121.91,37.65,179,2007,356.85,7.9,14.7,21.4,1.52,17.51
Alameda,-121.91,37.65,179,2008,396.56,8,14.9,21.7,1.96,19.12
Alameda,-121.91,37.65,179,2009,494.23,8.2,14.8,21.4,1.73,17.9
Alameda,-121.91,37.65,179,2010,685.25,8.1,14.3,20.4,1.25,15.29
Alameda,-121.91,37.65,179,2011,483.32,7.8,14.2,20.6,1.46,16
Alameda,-121.91,37.65,179,2012,643.22,8.2,15,21.7,1.59,18.12
Alameda,-121.91,37.65,179,2013,141.91,8,15,22.1,1.73,18.75
Alameda,-121.91,37.65,179,2014,538.82,9.9,16.5,23.2,1.93,19.82
Alameda,-121.91,37.65,179,2015,334.98,9.4,16,22.6,1.81,19.17
Alameda,-121.91,37.65,179,2016,692.89,9.3,15.7,22.2,1.65,18.11
Alameda,-121.91,37.65,179,2017,816.34,9.1,15.7,22.2,1.86,19.04
Alameda,-121.91,37.65,179,2018,489.6,8.5,15.3,22.1,1.5,18.27
Alameda,-121.91,37.65,179,2019,643.69,9,15.3,21.7,1.48,17.4
Alameda,-121.91,37.65,179,2020,227.1,9,16.1,23.1,1.83,20.67
Alameda,-121.91,37.65,179,2021,545.09,8.4,15.4,22.4,1.55,19.71
Alameda,-121.91,37.65,179,2022,376.25,8.1,15.3,22.6,1.48,20.05
Alameda,-121.91,37.65,179,2023,760.22,8.4,14.7,21.1,1.15,16.4
Alameda,-121.91,37.65,179,2024,607.82,9.1,15.7,22.3,1.45,18.33
,,,,,,,,,,
Nevada,-120.77,39.3,1401,2000,1779.52,7,11.7,16.4,4.44,13.99
Nevada,-120.77,39.3,1401,2001,1574.47,7.6,12.6,17.5,5.56,16.76
Nevada,-120.77,39.3,1401,2002,1568.8,7.3,12.4,17.6,5.36,16.28
Nevada,-120.77,39.3,1401,2003,1609.6,7.5,12.3,17.1,5.12,16.07
Nevada,-120.77,39.3,1401,2004,1325.63,7,12.1,17.2,5.13,16.18
Nevada,-120.77,39.3,1401,2005,2368.97,7,11.7,16.5,4.37,14.42
Nevada,-120.77,39.3,1401,2006,2029.5,7.1,11.9,16.7,5.13,15.81
Nevada,-120.77,39.3,1401,2007,1256.55,7.3,12.5,17.6,5.13,16.69
Nevada,-120.77,39.3,1401,2008,1215.47,7.7,12.8,17.9,6.34,18.16
Nevada,-120.77,39.3,1401,2009,1474.87,7.7,12.6,17.5,5.75,16.76
Nevada,-120.77,39.3,1401,2010,2329.85,6.5,11.1,15.6,4.26,14.38
Nevada,-120.77,39.3,1401,2011,1515.47,6.6,11.3,16,4.29,14.27
Nevada,-120.77,39.3,1401,2012,2264.15,7.8,12.6,17.4,5.9,16.78
Nevada,-120.77,39.3,1401,2013,569.67,8,13,18.1,5.66,16.71
Nevada,-120.77,39.3,1401,2014,1642.48,9.1,13.6,18.2,5.98,16.71
Nevada,-120.77,39.3,1401,2015,994.85,8.9,13.6,18.3,5.8,16.74
Nevada,-120.77,39.3,1401,2016,2258.15,8.1,12.6,17.1,5.44,15.55
Nevada,-120.77,39.3,1401,2017,2636.84,8.2,12.7,17.3,5.42,15.83
Nevada,-120.77,39.3,1401,2018,1477.89,8.5,13.2,17.9,5.81,16.45
Nevada,-120.77,39.3,1401,2019,2244.32,7.3,11.7,16.1,4.54,13.83
Nevada,-120.77,39.3,1401,2020,912.93,8.8,13.7,18.6,6.2,17.47
Nevada,-120.77,39.3,1401,2021,1546.68,8.4,13.3,18.2,6.16,17.95
Nevada,-120.77,39.3,1401,2022,1166.91,8.2,13.3,18.3,6.12,17.36
Nevada,-120.77,39.3,1401,2023,1769.06,6.7,11.4,16.2,4.08,13.9
Nevada,-120.77,39.3,1401,2024,1758.74,7.7,12.5,17.3,5.13,15.83
,,,,,,,,,,
Butte,-121.6,39.67,206,2000,1005.73,9.6,16.3,23.1,2.95,21.41
Butte,-121.6,39.67,206,2001,1017.46,10,17,24,3.46,23.5
Butte,-121.6,39.67,206,2002,877.65,9.4,16.6,23.9,3.15,22.74
Butte,-121.6,39.67,206,2003,971,10,16.8,23.6,2.99,22.07
Butte,-121.6,39.67,206,2004,881.04,9.9,16.8,23.7,3.29,23.01
Butte,-121.6,39.67,206,2005,1179.32,10,16.8,23.6,2.7,22.16
Butte,-121.6,39.67,206,2006,1125.18,9.9,16.8,23.6,3.48,23.89
Butte,-121.6,39.67,206,2007,665.08,9.3,16.7,24.1,3.49,24.63
Butte,-121.6,39.67,206,2008,608.97,9.5,16.7,23.9,4.21,24.96
Butte,-121.6,39.67,206,2009,758.15,9.5,16.6,23.8,3.61,24.37
Butte,-121.6,39.67,206,2010,1231.64,9.7,16.1,22.5,2.8,20.97
Butte,-121.6,39.67,206,2011,827.36,9,15.8,22.6,2.92,21.56
Butte,-121.6,39.67,206,2012,1107.93,9.8,16.8,23.9,3.84,24.44
Butte,-121.6,39.67,206,2013,280.45,9.4,17,24.6,3.9,25.6
Butte,-121.6,39.67,206,2014,1019.88,11.2,18.2,25.3,4.1,26.52
Butte,-121.6,39.67,206,2015,444.78,10.7,17.9,25.1,3.92,25.85
Butte,-121.6,39.67,206,2016,1298.76,10.7,17.4,24,3.64,23.85
Butte,-121.6,39.67,206,2017,1131.09,10.9,17.7,24.4,3.91,24.98
Butte,-121.6,39.67,206,2018,786.05,10.1,17.3,24.5,3.84,25.03
Butte,-121.6,39.67,206,2019,1307.44,10.3,17.1,23.8,3.55,24.09
Butte,-121.6,39.67,206,2020,422.06,10.7,18,25.2,4.64,27.28
Butte,-121.6,39.67,206,2021,877.5,10.7,17.8,25,4.24,27.74
Butte,-121.6,39.67,206,2022,578.83,10.5,18.1,25.6,4.78,29.54
Butte,-121.6,39.67,206,2023,953.73,10.8,17.2,23.5,3.92,23.51
Butte,-121.6,39.67,206,2024,1230.19,12,17.9,23.9,4.82,24.18
,,,,,,,,,,
Merced,-120.72,37.19,28,2000,361.58,8.4,16,23.6,0.79,19.4
Merced,-120.72,37.19,28,2001,344.81,8.5,16.4,24.2,0.97,21.21
Merced,-120.72,37.19,28,2002,240.18,7.8,15.9,24,1,21.65
Merced,-120.72,37.19,28,2003,213.83,8.6,16.3,24,1.12,21.93
Merced,-120.72,37.19,28,2004,315.82,8.3,16,23.7,0.97,21.86
Merced,-120.72,37.19,28,2005,348.67,8.6,16.1,23.6,0.98,20.59
Merced,-120.72,37.19,28,2006,345.2,7.8,15.7,23.7,1.06,21.35
Merced,-120.72,37.19,28,2007,151.59,7.3,15.8,24.3,1.14,22.92
Merced,-120.72,37.19,28,2008,224.57,7.6,15.9,24.2,1.56,23.79
Merced,-120.72,37.19,28,2009,266.28,7.7,15.9,24.2,1.43,23.6
Merced,-120.72,37.19,28,2010,423.07,8.2,15.7,23.2,0.89,20.47
Merced,-120.72,37.19,28,2011,286.6,7.4,15.2,22.9,1.05,20.64
Merced,-120.72,37.19,28,2012,264.55,7.9,16.3,24.6,1.44,24.25
Merced,-120.72,37.19,28,2013,71.18,7.4,16.1,24.8,1.47,24.43
Merced,-120.72,37.19,28,2014,261.74,9.1,17.5,25.9,1.59,25.6
Merced,-120.72,37.19,28,2015,164.03,8.6,16.9,25.2,1.44,24.67
Merced,-120.72,37.19,28,2016,376.83,8.9,17,25.2,1.24,24.41
Merced,-120.72,37.19,28,2017,325.08,9,16.9,24.8,2.34,23.77
Merced,-120.72,37.19,28,2018,262.82,8.5,16.7,24.9,1.34,23.84
Merced,-120.72,37.19,28,2019,360.65,8.7,16.5,24.4,1.18,22.59
Merced,-120.72,37.19,28,2020,129.73,8.5,16.9,25.3,1.22,24.79
Merced,-120.72,37.19,28,2021,254.6,8.5,16.9,25.2,1.73,25.45
Merced,-120.72,37.19,28,2022,186.9,8.3,17,25.6,1.74,26.93
Merced,-120.72,37.19,28,2023,360.59,8.6,16.4,24.1,0.96,22.26
Merced,-120.72,37.19,28,2024,333.11,9.6,17.4,25.3,1.49,25.17
,,,,,,,,,,
Tulare,-118.78,36.23,763,2000,664.06,7.3,15.4,23.4,2.24,22.83
Tulare,-118.78,36.23,763,2001,694.59,7.9,15.8,23.7,3.33,24.38
Tulare,-118.78,36.23,763,2002,514.74,7.5,15.7,23.8,4.12,24.38
Tulare,-118.78,36.23,763,2003,547.08,8,15.8,23.7,4.07,24.02
Tulare,-118.78,36.23,763,2004,406.86,7.2,15.3,23.4,3.3,24.04
Tulare,-118.78,36.23,763,2005,684.54,7.6,15.4,23.2,2.99,22.73
Tulare,-118.78,36.23,763,2006,699.84,7.5,15.3,23.2,3.23,23.51
Tulare,-118.78,36.23,763,2007,360.94,7.1,15.3,23.5,2.87,24.76
Tulare,-118.78,36.23,763,2008,516.01,7.1,15.3,23.5,3.67,25.04
Tulare,-118.78,36.23,763,2009,516.4,7.6,15.5,23.4,4.07,23.8
Tulare,-118.78,36.23,763,2010,1015.91,7.6,14.9,22.2,3.13,20.83
Tulare,-118.78,36.23,763,2011,496.59,7,14.4,21.9,3.8,20.35
Tulare,-118.78,36.23,763,2012,578.71,8.1,15.7,23.3,5.1,23.31
Tulare,-118.78,36.23,763,2013,161.25,7.6,15.4,23.3,5.37,23.14
Tulare,-118.78,36.23,763,2014,389.77,9.1,16.8,24.5,6.11,25
Tulare,-118.78,36.23,763,2015,421.67,9.1,16.3,23.5,5.34,23.08
Tulare,-118.78,36.23,763,2016,627.77,8.3,15.8,23.3,5.03,23.29
Tulare,-118.78,36.23,763,2017,850.85,9.5,16.4,23.3,5.27,22.98
Tulare,-118.78,36.23,763,2018,538.89,9.2,16.3,23.4,5.62,23.43
Tulare,-118.78,36.23,763,2019,849.56,8.8,15.5,22.2,4.68,21.16
Tulare,-118.78,36.23,763,2020,343.18,10.7,16.9,23.1,6.32,22.7
Tulare,-118.78,36.23,763,2021,431.26,10.6,16.9,23.2,6.5,23.06
Tulare,-118.78,36.23,763,2022,381.61,9.9,16.1,22.3,5.41,21.2
Tulare,-118.78,36.23,763,2023,1002.17,9.9,15.5,21,3.72,17.54
Tulare,-118.78,36.23,763,2024,632.56,10.5,16.5,22.6,4.5,20.89
,,,,,,,,,,
Stanislaus,-121,37.56,21,2000,366.14,9.4,16.2,23.1,1.56,19.12
Stanislaus,-121,37.56,21,2001,385.95,9.5,16.7,23.8,2.12,21.72
Stanislaus,-121,37.56,21,2002,245.97,8.9,16.2,23.4,1.96,20.73
Stanislaus,-121,37.56,21,2003,224.58,9.5,16.5,23.5,1.87,20.6
Stanislaus,-121,37.56,21,2004,281.45,9.4,16.3,23.1,1.79,20.23
Stanislaus,-121,37.56,21,2005,351.19,9.6,16.4,23.1,1.82,19.56
Stanislaus,-121,37.56,21,2006,344.14,9.2,16.3,23.4,2.11,20.85
Stanislaus,-121,37.56,21,2007,153.4,8.9,16.4,24,2.38,22.48
Stanislaus,-121,37.56,21,2008,237.74,9,16.5,23.9,2.7,22.93
Stanislaus,-121,37.56,21,2009,265.25,9.1,16.4,23.7,2.4,22.33
Stanislaus,-121,37.56,21,2010,435.51,9.2,15.9,22.5,1.71,19.12
Stanislaus,-121,37.56,21,2011,314.11,8.5,15.4,22.4,1.77,19.16
Stanislaus,-121,37.56,21,2012,330.68,9,16.5,23.9,2.26,22.39
Stanislaus,-121,37.56,21,2013,104.75,8.6,16.4,24.2,2.22,22.91
Stanislaus,-121,37.56,21,2014,310.03,10.4,17.7,25.1,2.41,23.91
Stanislaus,-121,37.56,21,2015,188.82,10.1,17.5,25,2.37,24.01
Stanislaus,-121,37.56,21,2016,400.02,10.4,17.7,25,2.22,24.03
Stanislaus,-121,37.56,21,2017,354.08,10.7,17.7,24.8,3.57,23.85
Stanislaus,-121,37.56,21,2018,306.89,9.9,17.3,24.6,2.23,23.08
Stanislaus,-121,37.56,21,2019,380.46,10.1,17.1,24,2.13,21.9
Stanislaus,-121,37.56,21,2020,143.04,10.2,17.6,25,2.33,24.04
Stanislaus,-121,37.56,21,2021,345.45,10,17.2,24.4,2.35,23.67
Stanislaus,-121,37.56,21,2022,211.77,9.7,17.2,24.6,2.46,24.3
Stanislaus,-121,37.56,21,2023,445.84,9.8,16.6,23.4,1.69,20.58
Stanislaus,-121,37.56,21,2024,394.55,10.8,17.8,24.7,2.5,23.57
,,,,,,,,,,
Orange,-117.78,33.68,41,2000,237.94,12.3,17.8,23.3,1.57,15.32
Orange,-117.78,33.68,41,2001,360.38,11.9,17.1,22.3,1.38,13.54
Orange,-117.78,33.68,41,2002,147.05,11.6,17.2,22.9,1.48,15.09
Orange,-117.78,33.68,41,2003,318.64,12.4,18.1,23.7,1.24,15.22
Orange,-117.78,33.68,41,2004,371.51,12.6,18.2,23.7,1.88,15.86
Orange,-117.78,33.68,41,2005,473.13,12.6,18,23.5,1.87,15.68
Orange,-117.78,33.68,41,2006,248.9,12.4,18.1,23.9,1.97,17.19
Orange,-117.78,33.68,41,2007,119.46,12.3,18,23.6,2.56,17.42
Orange,-117.78,33.68,41,2008,274.94,12.6,18.3,24,2.15,17.96
Orange,-117.78,33.68,41,2009,175.3,12.8,18.5,24.1,2.79,18.18
Orange,-117.78,33.68,41,2010,594.58,12.3,17.6,22.9,2.61,16.24
Orange,-117.78,33.68,41,2011,218.42,11.7,17.3,23,2.05,16.64
Orange,-117.78,33.68,41,2012,203.4,12.9,18.4,23.9,2.48,17.73
Orange,-117.78,33.68,41,2013,101.98,12.7,18.2,23.8,2.89,18.29
Orange,-117.78,33.68,41,2014,182.83,14.6,20,25.4,3.42,20.5
Orange,-117.78,33.68,41,2015,193.3,14.1,19.6,25.1,2.84,19.7
Orange,-117.78,33.68,41,2016,257.26,13.6,18.9,24.3,2.34,18.05
Orange,-117.78,33.68,41,2017,287.13,13.7,19.2,24.6,2.25,18.22
Orange,-117.78,33.68,41,2018,214.74,13.8,19,24.2,2.73,17.82
Orange,-117.78,33.68,41,2019,552.31,13.1,18.1,23.1,2.51,16.11
Orange,-117.78,33.68,41,2020,249.65,13.2,18.5,23.8,2.32,17.46
Orange,-117.78,33.68,41,2021,228.03,12.1,17.1,22.1,1.48,14.48
Orange,-117.78,33.68,41,2022,159.64,12.5,17.8,23,1.65,16.15
Orange,-117.78,33.68,41,2023,578.29,11.9,16.6,21.3,0.97,12.54
Orange,-117.78,33.68,41,2024,385.19,12.1,17.2,22.2,0.97,12.98
,,,,,,,,,,
Imperial,-115.36,33.04,-17,2000,11,13.4,21.9,30.3,3,33.59
Imperial,-115.36,33.04,-17,2001,39.95,13.7,22.1,30.4,3.69,34.17
Imperial,-115.36,33.04,-17,2002,9.72,12.9,21.6,30.4,4.07,34.86
Imperial,-115.36,33.04,-17,2003,48.6,14.2,22.4,30.6,3.52,34.06
Imperial,-115.36,33.04,-17,2004,113.45,13.4,21.8,30.1,3.73,33.83
Imperial,-115.36,33.04,-17,2005,91.15,14.1,22.1,30.2,4.9,34.66
Imperial,-115.36,33.04,-17,2006,9.01,13.7,22.1,30.5,5.61,36.06
Imperial,-115.36,33.04,-17,2007,33.39,14.1,22.4,30.6,5.96,37.19
Imperial,-115.36,33.04,-17,2008,64.56,14.6,22.8,30.9,6.22,37.88
Imperial,-115.36,33.04,-17,2009,19.3,14.9,23,31.1,6.91,39.21
Imperial,-115.36,33.04,-17,2010,133.59,15.1,22.8,30.4,6.81,36.93
Imperial,-115.36,33.04,-17,2011,39.57,14.2,22.3,30.5,6.59,38.35
Imperial,-115.36,33.04,-17,2012,47.96,13.8,22.5,31.2,4.78,36.57
Imperial,-115.36,33.04,-17,2013,76.66,13.3,22,30.7,4.87,36.53
Imperial,-115.36,33.04,-17,2014,31.73,14.2,22.9,31.6,4.24,36.84
Imperial,-115.36,33.04,-17,2015,48.02,14.2,22.6,31.1,4.99,36.29
Imperial,-115.36,33.04,-17,2016,57.58,14.2,22.8,31.4,5.64,38.17
Imperial,-115.36,33.04,-17,2017,57.55,14.5,23,31.5,5.44,38.13
Imperial,-115.36,33.04,-17,2018,56.13,14.5,22.9,31.2,6.15,38.86
Imperial,-115.36,33.04,-17,2019,98.24,14.3,22.1,29.9,6.84,37.14
Imperial,-115.36,33.04,-17,2020,73.4,14,22.7,31.4,6.43,41.29
Imperial,-115.36,33.04,-17,2021,53.08,14,22.6,31.3,6.23,39.31
Imperial,-115.36,33.04,-17,2022,32.81,13.7,22.3,31,5.85,38.67
Imperial,-115.36,33.04,-17,2023,76.15,12.7,21.4,30.2,4.97,37.33
Imperial,-115.36,33.04,-17,2024,42.97,13.9,22.7,31.5,6.18,40.91
,,,,,,,,,,
Sutter,-121.7,39.04,11,2000,535.21,9.2,16.2,23.1,1.41,19.5
Sutter,-121.7,39.04,11,2001,597.74,9.4,16.7,24,1.7,22.42
Sutter,-121.7,39.04,11,2002,432.64,8.7,16.3,23.8,1.53,21.62
Sutter,-121.7,39.04,11,2003,481.09,9.5,16.5,23.6,1.48,21.01
Sutter,-121.7,39.04,11,2004,471.06,9.5,16.6,23.7,1.53,21.37
Sutter,-121.7,39.04,11,2005,606.16,9.4,16.4,23.5,1.58,21.12
Sutter,-121.7,39.04,11,2006,476.11,9.2,16.3,23.5,1.84,22.36
Sutter,-121.7,39.04,11,2007,292.04,8.7,16.4,24.1,2.04,23.63
Sutter,-121.7,39.04,11,2008,376.25,8.8,16.4,24.1,2.42,24.17
Sutter,-121.7,39.04,11,2009,372.16,8.8,16.4,23.9,1.9,23.23
Sutter,-121.7,39.04,11,2010,606.5,9.2,16,22.7,1.65,20.12
Sutter,-121.7,39.04,11,2011,453.87,8.6,15.6,22.6,1.59,20.2
Sutter,-121.7,39.04,11,2012,621.48,9.3,16.7,24.1,2.1,23.6
Sutter,-121.7,39.04,11,2013,159.84,8.6,16.6,24.6,2.15,24.75
Sutter,-121.7,39.04,11,2014,514.15,10.4,17.9,25.4,2.2,25.22
Sutter,-121.7,39.04,11,2015,230.04,9.9,17.5,25,2.37,24.7
Sutter,-121.7,39.04,11,2016,555.65,10,17.1,24.3,1.98,23.06
Sutter,-121.7,39.04,11,2017,663.9,10.2,17.3,24.4,2.39,23.71
Sutter,-121.7,39.04,11,2018,489.62,9.2,16.8,24.4,1.9,23.12
Sutter,-121.7,39.04,11,2019,738.32,9.6,16.7,23.8,1.77,21.96
Sutter,-121.7,39.04,11,2020,184.12,9.6,17.4,25.2,2.31,25.68
Sutter,-121.7,39.04,11,2021,461.68,9.3,17,24.8,2.22,25.23
Sutter,-121.7,39.04,11,2022,276.45,8.8,17.1,25.4,2.22,26.97
Sutter,-121.7,39.04,11,2023,591.58,9.3,16.4,23.5,1.58,21.29
Sutter,-121.7,39.04,11,2024,578.64,10.5,17.4,24.4,2.21,23.07
,,,,,,,,,,
Amador,-120.65,38.44,763,2000,1129.09,8.2,14.7,21.1,2.67,17.53
Amador,-120.65,38.44,763,2001,857.39,8.6,15.7,22.8,3.48,22.74
Amador,-120.65,38.44,763,2002,803.05,8.5,15.6,22.8,3.23,22.08
Amador,-120.65,38.44,763,2003,821.8,8.5,15.5,22.5,3.23,21.11
Amador,-120.65,38.44,763,2004,798.39,8.2,15.5,22.8,3.32,22.73
Amador,-120.65,38.44,763,2005,1326.18,8.7,15.6,22.5,2.77,21.26
Amador,-120.65,38.44,763,2006,1147.17,8.4,15.1,21.7,3.55,21.13
Amador,-120.65,38.44,763,2007,658.45,8.2,14.9,21.6,3.62,20.69
Amador,-120.65,38.44,763,2008,666.34,8.3,15.1,21.8,4.4,22.3
Amador,-120.65,38.44,763,2009,811.52,8.1,14.8,21.4,3.64,20.73
Amador,-120.65,38.44,763,2010,1370.26,7.9,14,20.1,2.72,17.65
Amador,-120.65,38.44,763,2011,919.62,7.3,13.6,19.9,2.65,17.47
Amador,-120.65,38.44,763,2012,1138.92,8.2,14.7,21.3,3.67,20.04
Amador,-120.65,38.44,763,2013,288.62,8.2,15,21.8,3.96,20.65
Amador,-120.65,38.44,763,2014,926.08,9.7,16.1,22.5,4.46,21.51
Amador,-120.65,38.44,763,2015,746.1,9.3,15.7,22.2,4.15,21.04
Amador,-120.65,38.44,763,2016,1229.98,8.9,15.2,21.4,3.99,20.21
Amador,-120.65,38.44,763,2017,1522.7,9.2,15.4,21.6,4.24,20.63
Amador,-120.65,38.44,763,2018,871.04,9.1,15.5,21.9,4.5,21.1
Amador,-120.65,38.44,763,2019,1361.81,8.9,14.9,20.8,3.53,18.73
Amador,-120.65,38.44,763,2020,604.66,9.9,16.2,22.5,4.92,22.1
Amador,-120.65,38.44,763,2021,980.12,9.8,15.8,21.7,4.89,21.5
Amador,-120.65,38.44,763,2022,806.06,9.8,15.8,21.9,5.39,21.85
Amador,-120.65,38.44,763,2023,1195.13,9.1,14.5,19.9,3.75,17.26
Amador,-120.65,38.44,763,2024,1005.1,10.4,15.6,20.8,4.96,18.51
,,,,,,,,,,
Lake,-122.75,39.09,885,2000,1055.49,8.7,14.4,20.1,3.7,18.03
Lake,-122.75,39.09,885,2001,1192.77,9.2,15,20.9,4.39,20.17
Lake,-122.75,39.09,885,2002,1084.58,8.8,15.1,21.4,4.95,21.26
Lake,-122.75,39.09,885,2003,1154.4,8.7,14.8,20.8,3.98,19.77
Lake,-122.75,39.09,885,2004,1039.19,8.7,14.9,21.1,4.13,20.76
Lake,-122.75,39.09,885,2005,1448.42,8.6,14.3,19.9,3.49,18.26
Lake,-122.75,39.09,885,2006,1322.54,8.7,14.4,20,4.38,19.38
Lake,-122.75,39.09,885,2007,656.88,8.5,14.4,20.2,4.24,19.76
Lake,-122.75,39.09,885,2008,877.86,8.8,14.6,20.5,5.36,20.47
Lake,-122.75,39.09,885,2009,709.38,8.6,14.5,20.4,4.64,20.19
Lake,-122.75,39.09,885,2010,1571.65,8,13.3,18.6,3.38,16.37
Lake,-122.75,39.09,885,2011,930.58,8,13.6,19.3,3.84,17.48
Lake,-122.75,39.09,885,2012,1288.7,8.6,14.5,20.4,4.74,20.46
Lake,-122.75,39.09,885,2013,247.01,9,15.1,21.3,4.8,20.73
Lake,-122.75,39.09,885,2014,1108.87,10.2,16,21.7,4.95,21.16
Lake,-122.75,39.09,885,2015,631.24,10,15.8,21.7,4.87,21.01
Lake,-122.75,39.09,885,2016,1421.98,9.7,15,20.2,4.66,19.06
Lake,-122.75,39.09,885,2017,1447.07,9.9,15.3,20.8,5.12,20.33
Lake,-122.75,39.09,885,2018,868.55,9.9,15.4,20.9,5.38,20.6
Lake,-122.75,39.09,885,2019,1474.08,9.4,14.4,19.5,4.52,17.83
Lake,-122.75,39.09,885,2020,408.98,10.5,16,21.6,5.68,21.86
Lake,-122.75,39.09,885,2021,872.9,9.5,15.2,21,4.23,20.91
Lake,-122.75,39.09,885,2022,597.79,9.5,15.1,20.6,5.05,19.83
Lake,-122.75,39.09,885,2023,1291.02,9.2,14,18.8,3.67,15.82
Lake,-122.75,39.09,885,2024,1473.65,10.9,15.2,19.6,5.41,17.67
,,,,,,,,,,
Plumas,-120.82,39.99,1819,2000,1203.59,3.3,9.2,15,2.99,14.09
Plumas,-120.82,39.99,1819,2001,990.63,3.7,9.7,15.6,3.54,15.53
Plumas,-120.82,39.99,1819,2002,971.65,3.3,9.6,15.8,3.53,15.32
Plumas,-120.82,39.99,1819,2003,1011.81,3.6,9.4,15.2,3,14.09
Plumas,-120.82,39.99,1819,2004,980.12,3.4,9.3,15.3,3.16,14.25
Plumas,-120.82,39.99,1819,2005,1366.96,3.3,9,14.8,3.01,13.41
Plumas,-120.82,39.99,1819,2006,1180.41,3.2,9,14.8,3.48,14.3
Plumas,-120.82,39.99,1819,2007,664.81,3.5,9.5,15.5,3.5,15.01
Plumas,-120.82,39.99,1819,2008,800.6,3.6,9.6,15.6,4.19,16.18
Plumas,-120.82,39.99,1819,2009,979.26,3.7,9.6,15.5,4.06,15.37
Plumas,-120.82,39.99,1819,2010,1253.65,3,8.4,13.9,3.05,13.24
Plumas,-120.82,39.99,1819,2011,921.56,3,8.5,14,3.26,13.31
Plumas,-120.82,39.99,1819,2012,1284.61,4.1,9.8,15.5,4.14,15.53
Plumas,-120.82,39.99,1819,2013,341.73,4.2,10.1,16,3.99,15.45
Plumas,-120.82,39.99,1819,2014,952.78,5.1,10.7,16.2,3.94,15.51
Plumas,-120.82,39.99,1819,2015,601.2,5.1,10.7,16.4,3.98,15.55
Plumas,-120.82,39.99,1819,2016,1375.29,4.4,9.9,15.4,3.85,14.6
Plumas,-120.82,39.99,1819,2017,1674.33,4.6,10,15.4,3.85,14.75
Plumas,-120.82,39.99,1819,2018,848.92,4.7,10.2,15.7,4.27,15.13
Plumas,-120.82,39.99,1819,2019,1465.05,3.7,8.9,14.1,3.28,12.81
Plumas,-120.82,39.99,1819,2020,542.78,5.1,10.8,16.4,4.36,16.12
Plumas,-120.82,39.99,1819,2021,971.37,4,9.6,15.3,4.46,15.51
Plumas,-120.82,39.99,1819,2022,747.61,3.4,9.2,15,3.79,14.89
Plumas,-120.82,39.99,1819,2023,1234.24,2.4,7.7,13,2.41,12.16
Plumas,-120.82,39.99,1819,2024,1402.81,3.9,8.7,13.6,3.39,14.07
,,,,,,,,,,
San Mateo,-122.37,37.41,252,2000,919.52,8.3,13.6,18.8,0.85,10.23
San Mateo,-122.37,37.41,252,2001,942.84,8.1,13.6,19,0.81,10.97
San Mateo,-122.37,37.41,252,2002,756.72,8.2,13.7,19.2,1.07,11.44
San Mateo,-122.37,37.41,252,2003,637.34,9,14.1,19.3,1.08,11.24
San Mateo,-122.37,37.41,252,2004,724.97,8.8,14.1,19.4,1,11.58
San Mateo,-122.37,37.41,252,2005,977.27,8.4,13.7,19.1,0.64,9.66
San Mateo,-122.37,37.41,252,2006,928.12,8.2,13.5,18.8,1.13,11.46
San Mateo,-122.37,37.41,252,2007,485.14,7.7,13.2,18.7,1.15,12.12
San Mateo,-122.37,37.41,252,2008,615.85,8,13.5,19,1.76,13.11
San Mateo,-122.37,37.41,252,2009,727.69,8.2,13.6,19,1.46,12.54
San Mateo,-122.37,37.41,252,2010,992.36,8.2,13,17.7,1.34,10.44
San Mateo,-122.37,37.41,252,2011,664.7,8,12.8,17.6,1.55,10.62
San Mateo,-122.37,37.41,252,2012,1031.73,7.8,13,18.1,1.26,11.14
San Mateo,-122.37,37.41,252,2013,207.31,8.2,13.6,19.1,1.71,12.89
San Mateo,-122.37,37.41,252,2014,805.35,9.8,15,20.2,1.56,12.79
San Mateo,-122.37,37.41,252,2015,436,9.8,14.8,19.9,1.53,12.65
San Mateo,-122.37,37.41,252,2016,905.27,9.3,14.3,19.2,1.17,10.98
San Mateo,-122.37,37.41,252,2017,979.99,9.3,14.4,19.5,1.61,12.63
San Mateo,-122.37,37.41,252,2018,657.28,8.8,13.9,19.1,1.3,11.36
San Mateo,-122.37,37.41,252,2019,920.71,9.2,14,18.9,1.36,11.36
San Mateo,-122.37,37.41,252,2020,324.4,9.3,14.7,20.1,1.61,13.6
San Mateo,-122.37,37.41,252,2021,748.39,8.6,13.7,18.9,1.1,11.38
San Mateo,-122.37,37.41,252,2022,533.87,8.5,13.8,19.2,1.11,12.15
San Mateo,-122.37,37.41,252,2023,1151.67,8.7,13.2,17.7,0.95,9.64
San Mateo,-122.37,37.41,252,2024,965.86,9.1,13.3,17.4,1.2,9.47
,,,,,,,,,,
Siskiyou,-122.53,41.59,847,2000,451.48,3.7,11.3,18.9,1.5,17.72
Siskiyou,-122.53,41.59,847,2001,384.34,3.8,11.7,19.6,1.8,19.01
Siskiyou,-122.53,41.59,847,2002,442.26,3.3,11.5,19.8,1.83,19.6
Siskiyou,-122.53,41.59,847,2003,395.33,4.3,11.9,19.5,1.67,18.61
Siskiyou,-122.53,41.59,847,2004,497.02,4.1,11.8,19.5,1.67,18.36
Siskiyou,-122.53,41.59,847,2005,635.27,3.8,11.3,18.8,1.49,17.03
Siskiyou,-122.53,41.59,847,2006,499.52,4,11.5,18.9,1.84,18.89
Siskiyou,-122.53,41.59,847,2007,442.93,3.5,11.2,19,1.75,19.04
Siskiyou,-122.53,41.59,847,2008,370.09,3.3,11.1,19,2.32,19.83
Siskiyou,-122.53,41.59,847,2009,306.19,3.7,11.4,19.2,2.18,19.92
Siskiyou,-122.53,41.59,847,2010,547.74,4.2,11.2,18.2,1.87,17.77
Siskiyou,-122.53,41.59,847,2011,364.74,3.2,10.6,17.9,1.75,17.37
Siskiyou,-122.53,41.59,847,2012,503.34,4.1,11.6,19.2,2.26,19.98
Siskiyou,-122.53,41.59,847,2013,208.53,3.3,11.4,19.4,2.14,20.16
Siskiyou,-122.53,41.59,847,2014,496.17,5.5,13.1,20.7,2.53,21.42
Siskiyou,-122.53,41.59,847,2015,483.2,5.6,13.2,20.8,2.52,21.2
Siskiyou,-122.53,41.59,847,2016,654.46,5.1,12.3,19.5,2.16,19.66
Siskiyou,-122.53,41.59,847,2017,504.63,4.6,11.9,19.1,2.18,19.77
Siskiyou,-122.53,41.59,847,2018,344.43,4.3,12.1,19.8,2.16,20.23
Siskiyou,-122.53,41.59,847,2019,381.42,4.1,11.4,18.6,1.85,18.18
Siskiyou,-122.53,41.59,847,2020,231.15,3.2,11.4,19.6,1.61,19.17
Siskiyou,-122.53,41.59,847,2021,283.04,4.1,11.7,19.3,2.02,19.37
Siskiyou,-122.53,41.59,847,2022,306.57,3.3,11.4,19.5,1.75,19.41
Siskiyou,-122.53,41.59,847,2023,356.64,3.7,11,18.3,1.53,17.21
Siskiyou,-122.53,41.59,847,2024,501.08,4.5,11.8,19,1.86,18.77
,,,,,,,,,,
Santa Cruz,-122.01,37.01,67,2000,1058.15,8.4,13.9,19.4,0.34,9.82
Santa Cruz,-122.01,37.01,67,2001,1021.98,8.3,13.8,19.4,0.33,9.64
Santa Cruz,-122.01,37.01,67,2002,807.51,7.9,13.4,18.9,0.52,10.38
Santa Cruz,-122.01,37.01,67,2003,663.81,8.6,14.3,20,0.91,11.95
Santa Cruz,-122.01,37.01,67,2004,804.34,8.5,14.1,19.7,0.99,12.16
Santa Cruz,-122.01,37.01,67,2005,1031.51,8.5,14.1,19.7,1.1,10.6
Santa Cruz,-122.01,37.01,67,2006,937.72,8.1,13.6,19.1,0.66,10.33
Santa Cruz,-122.01,37.01,67,2007,410.87,7.6,13.6,19.5,0.9,12.01
Santa Cruz,-122.01,37.01,67,2008,674.07,7.7,13.9,20.1,1.04,12.86
Santa Cruz,-122.01,37.01,67,2009,731.9,8,13.8,19.5,1,11.6
Santa Cruz,-122.01,37.01,67,2010,1068.36,8,13.2,18.5,0.8,10.41
Santa Cruz,-122.01,37.01,67,2011,747.89,7.5,13.2,18.9,0.93,10.9
Santa Cruz,-122.01,37.01,67,2012,874.53,7.5,13.1,18.8,0.96,11.3
Santa Cruz,-122.01,37.01,67,2013,135.74,7.5,13.5,19.5,1.17,12.72
Santa Cruz,-122.01,37.01,67,2014,820.12,9.4,14.7,20.1,1.29,12.19
Santa Cruz,-122.01,37.01,67,2015,424.93,9,14.7,20.5,1.23,13.35
Santa Cruz,-122.01,37.01,67,2016,1019.13,8.9,14.8,20.7,1.06,12.01
Santa Cruz,-122.01,37.01,67,2017,1152.42,9,14.9,20.7,0.91,13.21
Santa Cruz,-122.01,37.01,67,2018,671.94,8.6,14.3,19.9,0.91,11.93
Santa Cruz,-122.01,37.01,67,2019,1264.28,9.1,14.6,20,1,11.91
Santa Cruz,-122.01,37.01,67,2020,394.93,8.7,14.6,20.4,0.93,13.22
Santa Cruz,-122.01,37.01,67,2021,828.06,8.3,13.7,19.1,0.84,10.85
Santa Cruz,-122.01,37.01,67,2022,605.1,7.9,14,20.2,0.75,13.06
Santa Cruz,-122.01,37.01,67,2023,1205.43,8.4,13.4,18.4,0.62,9.87
Santa Cruz,-122.01,37.01,67,2024,903.48,8.9,14,19.2,0.58,10.88
,,,,,,,,,,
Glenn,-122.4,39.6,199,2000,515.11,8.1,15.7,23.3,1.47,21.15
Glenn,-122.4,39.6,199,2001,671.68,8.8,16.5,24.1,2.26,23.83
Glenn,-122.4,39.6,199,2002,412.71,8.4,16.4,24.3,2.8,24.46
Glenn,-122.4,39.6,199,2003,579.43,8.9,16.3,23.8,2.28,23.13
Glenn,-122.4,39.6,199,2004,571.03,9.1,16.6,24.1,2.54,23.84
Glenn,-122.4,39.6,199,2005,718.38,8.5,16.2,23.9,1.97,23.39
Glenn,-122.4,39.6,199,2006,541.19,8.4,16.1,23.8,2.37,24.55
Glenn,-122.4,39.6,199,2007,229.53,8,16.3,24.6,2.59,25.81
Glenn,-122.4,39.6,199,2008,437.08,8.2,16.4,24.5,3.39,26.52
Glenn,-122.4,39.6,199,2009,416.39,8.1,16.3,24.5,2.7,26.01
Glenn,-122.4,39.6,199,2010,687.67,8.5,15.7,22.8,2.27,21.9
Glenn,-122.4,39.6,199,2011,432.32,7.8,15.5,23.3,2.42,22.92
Glenn,-122.4,39.6,199,2012,525.16,8.3,16.3,24.4,3.09,25.99
Glenn,-122.4,39.6,199,2013,121.32,8.1,16.7,25.3,3.25,27.1
Glenn,-122.4,39.6,199,2014,564.28,9.8,17.8,25.9,3.23,27.9
Glenn,-122.4,39.6,199,2015,245.61,9.5,17.7,25.8,3.18,27.51
Glenn,-122.4,39.6,199,2016,575.7,9.4,16.9,24.3,2.54,24.4
Glenn,-122.4,39.6,199,2017,514.56,9.4,17.1,24.8,3.11,26.25
Glenn,-122.4,39.6,199,2018,341.51,8.9,16.9,24.9,3.2,25.99
Glenn,-122.4,39.6,199,2019,762.93,9.1,16.5,23.9,2.65,24.18
Glenn,-122.4,39.6,199,2020,133,9.4,17.6,25.8,3.66,28.5
Glenn,-122.4,39.6,199,2021,365.21,9.8,18,26.1,3.96,30.43
Glenn,-122.4,39.6,199,2022,234.3,9.1,17.8,26.5,3.96,31.85
Glenn,-122.4,39.6,199,2023,652.83,9.5,16.7,23.9,2.85,23.84
Glenn,-122.4,39.6,199,2024,681.49,10.2,17.2,24.3,3.67,24.95
,,,,,,,,,,
San Luis Obi,-120.45,35.39,562,2000,633.51,4.3,14.2,24,0.84,21.85
San Luis Obi,-120.45,35.39,562,2001,887.67,4.4,14.2,24.1,0.81,22.45
San Luis Obi,-120.45,35.39,562,2002,480.03,3.3,13.7,24.2,0.85,23.06
San Luis Obi,-120.45,35.39,562,2003,413.5,4.4,14.5,24.6,1.12,24.12
San Luis Obi,-120.45,35.39,562,2004,657.97,3.9,14.1,24.3,1.15,23.95
San Luis Obi,-120.45,35.39,562,2005,624.55,4.5,14.3,24.1,0.98,23.44
San Luis Obi,-120.45,35.39,562,2006,746.6,3.7,13.7,23.7,0.83,23.68
San Luis Obi,-120.45,35.39,562,2007,312.67,3.1,13.6,24.1,1.21,25.1
San Luis Obi,-120.45,35.39,562,2008,559.17,3.7,14,24.2,1.48,25.73
San Luis Obi,-120.45,35.39,562,2009,448.37,4,14,24,1.52,24.95
San Luis Obi,-120.45,35.39,562,2010,858.47,4.3,13.5,22.7,0.83,21.27
San Luis Obi,-120.45,35.39,562,2011,567.58,4.4,13.6,22.8,1.33,22.23
San Luis Obi,-120.45,35.39,562,2012,435.82,6.3,15.9,25.5,2.52,28.74
San Luis Obi,-120.45,35.39,562,2013,108.93,5.8,15.7,25.6,2.79,28.46
San Luis Obi,-120.45,35.39,562,2014,389.71,7.5,17.1,26.8,3.06,30.16
San Luis Obi,-120.45,35.39,562,2015,230.02,5.8,15.8,25.7,1.87,27.18
San Luis Obi,-120.45,35.39,562,2016,490.4,4.7,14.6,24.5,1.42,25.19
San Luis Obi,-120.45,35.39,562,2017,711.48,5.2,15,24.7,1.35,25.45
San Luis Obi,-120.45,35.39,562,2018,526.13,4.4,14.6,24.7,1.35,25.66
San Luis Obi,-120.45,35.39,562,2019,918.53,4.9,14.2,23.4,1.06,22.95
San Luis Obi,-120.45,35.39,562,2020,342.17,4.2,14.5,24.9,1.18,25.85
San Luis Obi,-120.45,35.39,562,2021,549.05,6.6,15.8,25,2.1,26.68
San Luis Obi,-120.45,35.39,562,2022,333.65,5.7,15.5,25.3,2.24,27.41
San Luis Obi,-120.45,35.39,562,2023,1024.68,6.8,14.7,22.6,1.62,21.22
San Luis Obi,-120.45,35.39,562,2024,554.42,8.4,15.6,22.9,2.8,21.74
